{
  "plate": "4",
  "plate_name": "D",
  "mode_freqs_hz": [
    29925.0,
    45025.0,
    49625.0,
    78125.0,
    89375.0,
    90025.0,
    90275.0,
    94675.0
  ],
  "carrier_indices": [
    0,
    1,
    2,
    3,
    4,
    5,
    7
  ],
  "n_modes": 8,
  "responses": {
    "0": [
      4375920.228350919,
      11403.597917804804,
      7756.393948236503,
      11196.918014732384,
      8279.860006196055,
      15822.905710271283,
      12557.582649970824,
      9537.44863612953
    ],
    "1": [
      12288.10104447085,
      1296561.9625610511,
      12314.015274247162,
      12215.17518414923,
      12250.06266862971,
      64357.431054798944,
      26190.695496263328,
      9056.975609141138
    ],
    "2": [
      8779.079515108668,
      11103.464129118158,
      4180803.1707114396,
      10292.471876600142,
      9531.99753419857,
      8293.084332415669,
      10424.680336682923,
      9390.771176551965
    ],
    "3": [
      10765.197750969994,
      12614.679971075479,
      13046.11035619662,
      1633288.0322888114,
      9573.300722704678,
      10929.34286324831,
      12276.20909456937,
      10080.310174437445
    ],
    "4": [
      8002.732623361064,
      13437.730625965167,
      10407.409297605394,
      11042.86559294799,
      1340529.3074999282,
      9438.544877424813,
      9193.531121849073,
      11033.642730981499
    ],
    "5": [
      8169.40984942719,
      8616.74349760159,
      10062.186090933274,
      9329.031128931247,
      9985.771194196099,
      1466081.370021493,
      107958.56645484455,
      10770.264064668929
    ],
    "6": [
      9087.206832514032,
      10277.883146495064,
      7445.3436465393925,
      8881.268226006407,
      8937.829329787206,
      11940.314088067411,
      9805.969216606445,
      52018.160043895914
    ]
  },
  "timestamp": "2026-04-17T05:25:17.259699+00:00",
  "mode": "hardware"
}