{
  "timestamp": "2026-04-18T14:58:40.507384+00:00",
  "experiment": "chain_parity",
  "mode": "simulation",
  "n_samples": 2000,
  "n_carriers": 10,
  "n_plates": 4,
  "n_features": 31,
  "carrier_freqs_hz": [
    11425,
    18950,
    29200,
    34900,
    44950,
    49625,
    61775,
    68025,
    78850,
    89350
  ],
  "plates": [
    "B-NE",
    "G-NE",
    "D-NE",
    "H-NE"
  ],
  "tasks": {
    "parity": {
      "One-hot (100d)": {
        "sequence_acc": 0.4975,
        "mean_position": 0.49749999999999994,
        "per_position": [
          0.4975,
          0.4975,
          0.4975,
          0.4975,
          0.4975,
          0.4975,
          0.4975,
          0.4975,
          0.4975,
          0.4975
        ],
        "best_alpha": 0.001
      },
      "B-NE only (7d)": {
        "sequence_acc": 0.555,
        "mean_position": 0.5549999999999999,
        "per_position": [
          0.555,
          0.555,
          0.555,
          0.555,
          0.555,
          0.555,
          0.555,
          0.555,
          0.555,
          0.555
        ],
        "best_alpha": 100.0
      },
      "G-NE only (8d)": {
        "sequence_acc": 0.5475,
        "mean_position": 0.5475000000000001,
        "per_position": [
          0.5475,
          0.5475,
          0.5475,
          0.5475,
          0.5475,
          0.5475,
          0.5475,
          0.5475,
          0.5475,
          0.5475
        ],
        "best_alpha": 10.0
      },
      "D-NE only (9d)": {
        "sequence_acc": 0.525,
        "mean_position": 0.5250000000000001,
        "per_position": [
          0.525,
          0.525,
          0.525,
          0.525,
          0.525,
          0.525,
          0.525,
          0.525,
          0.525,
          0.525
        ],
        "best_alpha": 0.001
      },
      "H-NE only (7d)": {
        "sequence_acc": 0.5075,
        "mean_position": 0.5075000000000001,
        "per_position": [
          0.5075,
          0.5075,
          0.5075,
          0.5075,
          0.5075,
          0.5075,
          0.5075,
          0.5075,
          0.5075,
          0.5075
        ],
        "best_alpha": 0.001
      },
      "Chain raw (31d)": {
        "sequence_acc": 0.53,
        "mean_position": 0.53,
        "per_position": [
          0.53,
          0.53,
          0.53,
          0.53,
          0.53,
          0.53,
          0.53,
          0.53,
          0.53,
          0.53
        ],
        "best_alpha": 0.01
      },
      "Chain exp (527d)": {
        "sequence_acc": 0.4925,
        "mean_position": 0.4925,
        "per_position": [
          0.4925,
          0.4925,
          0.4925,
          0.4925,
          0.4925,
          0.4925,
          0.4925,
          0.4925,
          0.4925,
          0.4925
        ],
        "best_alpha": 100.0
      }
    },
    "reverse": {
      "One-hot (100d)": {
        "sequence_acc": 1.0,
        "mean_position": 1.0,
        "per_position": [
          1.0,
          1.0,
          1.0,
          1.0,
          1.0,
          1.0,
          1.0,
          1.0,
          1.0,
          1.0
        ],
        "best_alpha": 0.001
      },
      "B-NE only (7d)": {
        "sequence_acc": 0.0,
        "mean_position": 0.16324999999999998,
        "per_position": [
          0.265,
          0.105,
          0.08,
          0.095,
          0.245,
          0.1025,
          0.1325,
          0.25,
          0.2525,
          0.105
        ],
        "best_alpha": 0.001
      },
      "G-NE only (8d)": {
        "sequence_acc": 0.0,
        "mean_position": 0.183,
        "per_position": [
          0.1125,
          0.265,
          0.185,
          0.1,
          0.1175,
          0.2225,
          0.2725,
          0.2375,
          0.2525,
          0.065
        ],
        "best_alpha": 0.001
      },
      "D-NE only (9d)": {
        "sequence_acc": 0.0,
        "mean_position": 0.16875,
        "per_position": [
          0.1125,
          0.0975,
          0.1675,
          0.1,
          0.205,
          0.12,
          0.135,
          0.25,
          0.2575,
          0.2425
        ],
        "best_alpha": 0.001
      },
      "H-NE only (7d)": {
        "sequence_acc": 0.0,
        "mean_position": 0.14775,
        "per_position": [
          0.075,
          0.115,
          0.1725,
          0.215,
          0.1575,
          0.09,
          0.2275,
          0.1025,
          0.2375,
          0.085
        ],
        "best_alpha": 0.001
      },
      "Chain raw (31d)": {
        "sequence_acc": 0.0,
        "mean_position": 0.30900000000000005,
        "per_position": [
          0.255,
          0.2825,
          0.4125,
          0.2275,
          0.2575,
          0.2725,
          0.2725,
          0.39,
          0.435,
          0.285
        ],
        "best_alpha": 0.001
      },
      "Chain exp (527d)": {
        "sequence_acc": 0.0025,
        "mean_position": 0.37649999999999995,
        "per_position": [
          0.345,
          0.3375,
          0.5,
          0.28,
          0.315,
          0.335,
          0.2925,
          0.4775,
          0.5125,
          0.37
        ],
        "best_alpha": 0.001
      }
    },
    "identity": {
      "One-hot (100d)": {
        "sequence_acc": 1.0,
        "mean_position": 1.0,
        "per_position": [
          1.0,
          1.0,
          1.0,
          1.0,
          1.0,
          1.0,
          1.0,
          1.0,
          1.0,
          1.0
        ],
        "best_alpha": 0.001
      },
      "B-NE only (7d)": {
        "sequence_acc": 0.0,
        "mean_position": 0.1505,
        "per_position": [
          0.0825,
          0.225,
          0.245,
          0.1275,
          0.115,
          0.2025,
          0.09,
          0.0975,
          0.1175,
          0.2025
        ],
        "best_alpha": 0.001
      },
      "G-NE only (8d)": {
        "sequence_acc": 0.0,
        "mean_position": 0.18975,
        "per_position": [
          0.0925,
          0.2325,
          0.2675,
          0.2875,
          0.2325,
          0.1275,
          0.0825,
          0.27,
          0.225,
          0.08
        ],
        "best_alpha": 0.001
      },
      "D-NE only (9d)": {
        "sequence_acc": 0.0,
        "mean_position": 0.173,
        "per_position": [
          0.2275,
          0.215,
          0.265,
          0.1275,
          0.1575,
          0.1875,
          0.09,
          0.235,
          0.11,
          0.115
        ],
        "best_alpha": 0.001
      },
      "H-NE only (7d)": {
        "sequence_acc": 0.0,
        "mean_position": 0.15,
        "per_position": [
          0.1275,
          0.2175,
          0.1025,
          0.22,
          0.0775,
          0.135,
          0.22,
          0.235,
          0.0725,
          0.0925
        ],
        "best_alpha": 0.001
      },
      "Chain raw (31d)": {
        "sequence_acc": 0.0,
        "mean_position": 0.30225,
        "per_position": [
          0.2625,
          0.4,
          0.42,
          0.25,
          0.2475,
          0.2475,
          0.28,
          0.4,
          0.2575,
          0.2575
        ],
        "best_alpha": 0.001
      },
      "Chain exp (527d)": {
        "sequence_acc": 0.0,
        "mean_position": 0.38525,
        "per_position": [
          0.315,
          0.5275,
          0.53,
          0.3,
          0.335,
          0.3125,
          0.3525,
          0.5325,
          0.33,
          0.3175
        ],
        "best_alpha": 0.001
      }
    }
  }
}