{
  "timestamp": "2026-04-14T09:10:38.538636+00:00",
  "levels_tested": [
    2,
    3,
    4,
    6,
    8,
    12,
    16
  ],
  "per_level": {
    "2": {
      "n_levels": 2,
      "total_alphabet": 256,
      "plate_D_min_snr": 9.986485569270423,
      "plate_D_nn_unique": 1.0,
      "plate_E_min_snr": 25.229017983743898,
      "plate_E_nn_unique": 1.0,
      "esn_sw_raw_digits_digit": 1.0,
      "esn_sw_raw_digits_token": 1.0,
      "esn_DE_raw_digit": 0.997375,
      "esn_DE_raw_token": 0.9795,
      "esn_D_raw_digit": 0.985,
      "esn_D_raw_token": 0.894,
      "esn_E_raw_digit": 0.9903124999999999,
      "esn_E_raw_token": 0.9275
    },
    "3": {
      "n_levels": 3,
      "total_alphabet": 6561,
      "plate_D_min_snr": 0.2617892705603255,
      "plate_D_nn_unique": 1.0,
      "plate_E_min_snr": 0.31761232143578993,
      "plate_E_nn_unique": 1.0,
      "esn_sw_raw_digits_digit": 0.863125,
      "esn_sw_raw_digits_token": 0.3175,
      "esn_DE_raw_digit": 0.7481249999999999,
      "esn_DE_raw_token": 0.0935,
      "esn_D_raw_digit": 0.740875,
      "esn_D_raw_token": 0.08850000000000001,
      "esn_E_raw_digit": 0.732,
      "esn_E_raw_token": 0.081
    },
    "4": {
      "n_levels": 4,
      "total_alphabet": 65536,
      "plate_D_min_snr": 0.279121405840374,
      "plate_D_nn_unique": 1.0,
      "plate_E_min_snr": 0.2451699927772548,
      "plate_E_nn_unique": 1.0,
      "esn_sw_raw_digits_digit": 0.694125,
      "esn_sw_raw_digits_token": 0.0465,
      "esn_DE_raw_digit": 0.642875,
      "esn_DE_raw_token": 0.03,
      "esn_D_raw_digit": 0.6291875,
      "esn_D_raw_token": 0.0225,
      "esn_E_raw_digit": 0.6274375000000001,
      "esn_E_raw_token": 0.0265
    },
    "6": {
      "n_levels": 6,
      "total_alphabet": 1679616,
      "plate_D_min_snr": 0.20542794746002274,
      "plate_D_nn_unique": 1.0,
      "plate_E_min_snr": 0.1808231141398081,
      "plate_E_nn_unique": 1.0,
      "esn_sw_raw_digits_digit": 0.47575,
      "esn_sw_raw_digits_token": 0.019,
      "esn_DE_raw_digit": 0.45662499999999995,
      "esn_DE_raw_token": 0.024,
      "esn_D_raw_digit": 0.4409375,
      "esn_D_raw_token": 0.018,
      "esn_E_raw_digit": 0.4365,
      "esn_E_raw_token": 0.0165
    },
    "8": {
      "n_levels": 8,
      "total_alphabet": 16777216,
      "plate_D_min_snr": 0.18184944436029588,
      "plate_D_nn_unique": 1.0,
      "plate_E_min_snr": 0.18208052284121087,
      "plate_E_nn_unique": 1.0,
      "esn_sw_raw_digits_digit": 0.46062500000000006,
      "esn_sw_raw_digits_token": 0.023,
      "esn_DE_raw_digit": 0.441125,
      "esn_DE_raw_token": 0.0295,
      "esn_D_raw_digit": 0.42337500000000006,
      "esn_D_raw_token": 0.017,
      "esn_E_raw_digit": 0.416625,
      "esn_E_raw_token": 0.022
    },
    "12": {
      "n_levels": 12,
      "total_alphabet": 429981696,
      "plate_D_min_snr": 0.11401346736142211,
      "plate_D_nn_unique": 1.0,
      "plate_E_min_snr": 0.14632788727365825,
      "plate_E_nn_unique": 1.0,
      "esn_sw_raw_digits_digit": 0.3600625,
      "esn_sw_raw_digits_token": 0.0165,
      "esn_DE_raw_digit": 0.3504375,
      "esn_DE_raw_token": 0.0265,
      "esn_D_raw_digit": 0.33162500000000006,
      "esn_D_raw_token": 0.009500000000000001,
      "esn_E_raw_digit": 0.3348125,
      "esn_E_raw_token": 0.013
    },
    "16": {
      "n_levels": 16,
      "total_alphabet": 4294967296,
      "plate_D_min_snr": 0.1323400660637749,
      "plate_D_nn_unique": 1.0,
      "plate_E_min_snr": 0.14287174023302304,
      "plate_E_nn_unique": 1.0,
      "esn_sw_raw_digits_digit": 0.38375,
      "esn_sw_raw_digits_token": 0.009500000000000001,
      "esn_DE_raw_digit": 0.37400000000000005,
      "esn_DE_raw_token": 0.03,
      "esn_D_raw_digit": 0.36374999999999996,
      "esn_D_raw_token": 0.016,
      "esn_E_raw_digit": 0.3619375,
      "esn_E_raw_token": 0.014499999999999999
    }
  }
}