{
  "timestamp": "2026-04-13T20:09:09.074023+00:00",
  "plate_name": "E",
  "plate_id": "5",
  "n_modes": 8,
  "n_trials": 20,
  "r2_global": 0.6751,
  "r2_mean": 0.5964,
  "r2_std": 0.3585,
  "correlation": 0.8441,
  "rmse_mean": 2.1091,
  "r2_sparse": 0.5263,
  "r2_medium": 0.4078,
  "r2_dense": 0.9128,
  "r2_per_mode": [
    0.5437,
    0.7599,
    0.728,
    0.9003,
    0.7315,
    0.4458,
    0.4672,
    0.7684
  ],
  "noise_floor_mean_raw": 13088.64,
  "h_diag_mean_log": 14.6686,
  "h_capture_time_s": 2.7,
  "trial_time_s": 6.5,
  "mode_freqs_hz": [
    49675.0,
    29250.0,
    29975.0,
    28875.0,
    34500.0,
    26200.0,
    89475.0,
    94775.0
  ],
  "verdict": "FAIL",
  "transfer_matrix_log": [
    [
      15.398928573314898,
      9.739643571015437,
      9.734018396221343,
      9.36854452411071,
      9.67194147584415,
      9.68619736414079,
      9.30558027114865,
      9.478992741328303
    ],
    [
      9.216585463863405,
      15.45161115406165,
      9.485622239793331,
      10.245458878971895,
      9.361667499457505,
      9.570623009691431,
      9.051461732749766,
      9.777194919611272
    ],
    [
      9.389151429849692,
      9.513304658074723,
      15.316531376418313,
      9.320609223728113,
      9.638386642232488,
      9.516267717717243,
      9.688433139129279,
      10.386751333368636
    ],
    [
      9.36369099366259,
      10.723116232192242,
      9.391628285125796,
      14.863748283273384,
      9.375251890543856,
      9.52323143906914,
      9.227975218319008,
      9.362733476563701
    ],
    [
      9.313257116432064,
      9.519152269657068,
      9.548234921831812,
      9.463911668048441,
      14.339800722490978,
      9.236786320845571,
      9.525431591392204,
      9.53128593935522
    ],
    [
      9.43375721980912,
      9.649842040378347,
      9.041682342425194,
      9.510518917023866,
      9.323527137409052,
      14.345384194424604,
      9.485164094909731,
      9.353122936995375
    ],
    [
      9.462405870360449,
      9.1392040742866,
      9.289928593292458,
      9.252981459865486,
      9.307371660425183,
      9.379880968463786,
      14.194268900257443,
      10.071679146827911
    ],
    [
      9.44990950987311,
      9.067836915349645,
      9.566881451852968,
      9.380814541204543,
      9.481083023996707,
      9.289917458039888,
      9.143730097326483,
      13.438567296406262
    ]
  ],
  "trial_details": [
    {
      "trial": 0,
      "n_active": 1,
      "r_squared": 0.5105,
      "rmse": 3.5936,
      "correlation": 0.7489,
      "peak_factor": 0.6072
    },
    {
      "trial": 1,
      "n_active": 2,
      "r_squared": 0.5421,
      "rmse": 3.7991,
      "correlation": 0.7986,
      "peak_factor": 1.3469
    },
    {
      "trial": 2,
      "n_active": 3,
      "r_squared": 0.7821,
      "rmse": 2.7311,
      "correlation": 0.8932,
      "peak_factor": 2.0904
    },
    {
      "trial": 3,
      "n_active": 3,
      "r_squared": -0.1934,
      "rmse": 3.6688,
      "correlation": 0.8257,
      "peak_factor": 1.4874
    },
    {
      "trial": 4,
      "n_active": 3,
      "r_squared": 0.7017,
      "rmse": 2.9087,
      "correlation": 0.8525,
      "peak_factor": 2.4528
    },
    {
      "trial": 5,
      "n_active": 3,
      "r_squared": 0.3505,
      "rmse": 3.7252,
      "correlation": 0.6629,
      "peak_factor": 1.5168
    },
    {
      "trial": 6,
      "n_active": 4,
      "r_squared": 0.6187,
      "rmse": 3.0571,
      "correlation": 0.8293,
      "peak_factor": 1.7492
    },
    {
      "trial": 7,
      "n_active": 4,
      "r_squared": 0.6184,
      "rmse": 2.8455,
      "correlation": 0.865,
      "peak_factor": 2.8082
    },
    {
      "trial": 8,
      "n_active": 4,
      "r_squared": 0.4334,
      "rmse": 2.2658,
      "correlation": 0.896,
      "peak_factor": 1.6414
    },
    {
      "trial": 9,
      "n_active": 4,
      "r_squared": 0.1487,
      "rmse": 2.6769,
      "correlation": 0.8225,
      "peak_factor": 1.811
    },
    {
      "trial": 10,
      "n_active": 4,
      "r_squared": 0.892,
      "rmse": 1.6918,
      "correlation": 0.9507,
      "peak_factor": 2.2922
    },
    {
      "trial": 11,
      "n_active": 4,
      "r_squared": -0.288,
      "rmse": 3.4842,
      "correlation": 0.9247,
      "peak_factor": 2.0178
    },
    {
      "trial": 12,
      "n_active": 4,
      "r_squared": 0.4212,
      "rmse": 3.5695,
      "correlation": 0.6969,
      "peak_factor": 2.8148
    },
    {
      "trial": 13,
      "n_active": 8,
      "r_squared": 0.8783,
      "rmse": 0.2917,
      "correlation": 0.9845,
      "peak_factor": 2.5871
    },
    {
      "trial": 14,
      "n_active": 8,
      "r_squared": 0.9292,
      "rmse": 0.3344,
      "correlation": 0.9925,
      "peak_factor": 3.1961
    },
    {
      "trial": 15,
      "n_active": 8,
      "r_squared": 0.9088,
      "rmse": 0.3007,
      "correlation": 0.9945,
      "peak_factor": 5.5264
    },
    {
      "trial": 16,
      "n_active": 8,
      "r_squared": 0.9076,
      "rmse": 0.299,
      "correlation": 0.9904,
      "peak_factor": 3.1117
    },
    {
      "trial": 17,
      "n_active": 8,
      "r_squared": 0.9235,
      "rmse": 0.3706,
      "correlation": 0.9929,
      "peak_factor": 4.5964
    },
    {
      "trial": 18,
      "n_active": 8,
      "r_squared": 0.9085,
      "rmse": 0.299,
      "correlation": 0.991,
      "peak_factor": 2.5691
    },
    {
      "trial": 19,
      "n_active": 8,
      "r_squared": 0.9335,
      "rmse": 0.2698,
      "correlation": 0.9936,
      "peak_factor": 4.6271
    }
  ]
}