{
  "timestamp": "2026-04-13T20:08:59.126108+00:00",
  "plate_name": "D",
  "plate_id": "4",
  "n_modes": 8,
  "n_trials": 20,
  "r2_global": 0.6772,
  "r2_mean": 0.679,
  "r2_std": 0.2973,
  "correlation": 0.8292,
  "rmse_mean": 2.048,
  "r2_sparse": 0.713,
  "r2_medium": 0.5305,
  "r2_dense": 0.9026,
  "r2_per_mode": [
    0.6876,
    0.6047,
    0.5634,
    0.5531,
    0.5203,
    0.6875,
    0.7248,
    0.6552
  ],
  "noise_floor_mean_raw": 12355.02,
  "h_diag_mean_log": 14.1308,
  "h_capture_time_s": 2.7,
  "trial_time_s": 6.5,
  "mode_freqs_hz": [
    49625.0,
    29925.0,
    90275.0,
    78125.0,
    89375.0,
    90025.0,
    45025.0,
    94675.0
  ],
  "verdict": "FAIL",
  "transfer_matrix_log": [
    [
      14.921610399461434,
      9.427787149751348,
      9.516348699741744,
      9.668802714472024,
      9.750244141015934,
      9.523413283708775,
      9.337137343735344,
      9.541136658807677
    ],
    [
      9.508505063955349,
      14.878242547691446,
      9.456193534629767,
      9.480313078475339,
      9.29254413657147,
      9.525945997358976,
      9.546870066571842,
      9.605807029620184
    ],
    [
      9.522568489523954,
      9.345010800214041,
      14.110788751062163,
      9.52657763964106,
      9.222696291588521,
      11.848258822067049,
      10.45546049294619,
      9.63172858209749
    ],
    [
      9.531627536399581,
      9.497777096884327,
      9.510879724880711,
      13.944689231726692,
      9.484039007872557,
      9.51613056697528,
      9.905783798789207,
      9.525106186017732
    ],
    [
      9.34640475454898,
      9.458744787912792,
      9.705302360948847,
      9.25137443291096,
      13.961206414570151,
      9.635594220276449,
      9.462393727841157,
      11.148546621923797
    ],
    [
      9.671814494230523,
      9.695763119581574,
      11.605734071328241,
      9.424788571204166,
      9.358151370916461,
      13.952094518623742,
      9.521770566603394,
      9.482627100384187
    ],
    [
      9.273090718907708,
      9.478543513924283,
      9.315415113846518,
      9.724929222251024,
      9.524555497773875,
      9.449821710326447,
      13.862359834678717,
      9.549523198453304
    ],
    [
      9.383876888554585,
      9.358033053019152,
      9.557334964861706,
      9.510850906052806,
      9.605679492114673,
      9.389307945737043,
      9.32816708095489,
      13.415296926757543
    ]
  ],
  "trial_details": [
    {
      "trial": 0,
      "n_active": 1,
      "r_squared": 0.9943,
      "rmse": 0.3417,
      "correlation": 0.9978,
      "peak_factor": 0.6072
    },
    {
      "trial": 1,
      "n_active": 2,
      "r_squared": 0.4317,
      "rmse": 3.6473,
      "correlation": 0.7214,
      "peak_factor": 1.3489
    },
    {
      "trial": 2,
      "n_active": 3,
      "r_squared": 0.1745,
      "rmse": 3.927,
      "correlation": 0.6684,
      "peak_factor": 2.0965
    },
    {
      "trial": 3,
      "n_active": 3,
      "r_squared": 0.3483,
      "rmse": 4.6309,
      "correlation": 0.651,
      "peak_factor": 1.4863
    },
    {
      "trial": 4,
      "n_active": 3,
      "r_squared": 0.9982,
      "rmse": 0.2511,
      "correlation": 0.9991,
      "peak_factor": 2.4233
    },
    {
      "trial": 5,
      "n_active": 3,
      "r_squared": 0.853,
      "rmse": 2.0263,
      "correlation": 0.9477,
      "peak_factor": 1.5063
    },
    {
      "trial": 6,
      "n_active": 4,
      "r_squared": 0.5915,
      "rmse": 3.7229,
      "correlation": 0.9508,
      "peak_factor": 1.7038
    },
    {
      "trial": 7,
      "n_active": 4,
      "r_squared": 0.8136,
      "rmse": 2.6187,
      "correlation": 0.9154,
      "peak_factor": 2.8894
    },
    {
      "trial": 8,
      "n_active": 4,
      "r_squared": 0.7925,
      "rmse": 1.8749,
      "correlation": 0.9236,
      "peak_factor": 1.6661
    },
    {
      "trial": 9,
      "n_active": 4,
      "r_squared": 0.2496,
      "rmse": 4.4579,
      "correlation": 0.5828,
      "peak_factor": 1.8256
    },
    {
      "trial": 10,
      "n_active": 4,
      "r_squared": 0.437,
      "rmse": 3.1353,
      "correlation": 0.7273,
      "peak_factor": 2.349
    },
    {
      "trial": 11,
      "n_active": 4,
      "r_squared": 0.5815,
      "rmse": 3.8772,
      "correlation": 0.8381,
      "peak_factor": 1.9796
    },
    {
      "trial": 12,
      "n_active": 4,
      "r_squared": -0.0038,
      "rmse": 4.4134,
      "correlation": 0.613,
      "peak_factor": 2.823
    },
    {
      "trial": 13,
      "n_active": 8,
      "r_squared": 0.8777,
      "rmse": 0.2511,
      "correlation": 0.9721,
      "peak_factor": 2.3718
    },
    {
      "trial": 14,
      "n_active": 8,
      "r_squared": 0.9396,
      "rmse": 0.2663,
      "correlation": 0.989,
      "peak_factor": 2.9671
    },
    {
      "trial": 15,
      "n_active": 8,
      "r_squared": 0.9255,
      "rmse": 0.2538,
      "correlation": 0.9872,
      "peak_factor": 4.7865
    },
    {
      "trial": 16,
      "n_active": 8,
      "r_squared": 0.8758,
      "rmse": 0.2713,
      "correlation": 0.9667,
      "peak_factor": 2.7198
    },
    {
      "trial": 17,
      "n_active": 8,
      "r_squared": 0.8904,
      "rmse": 0.4253,
      "correlation": 0.9905,
      "peak_factor": 4.2047
    },
    {
      "trial": 18,
      "n_active": 8,
      "r_squared": 0.8826,
      "rmse": 0.3009,
      "correlation": 0.9798,
      "peak_factor": 2.2503
    },
    {
      "trial": 19,
      "n_active": 8,
      "r_squared": 0.9263,
      "rmse": 0.2661,
      "correlation": 0.9871,
      "peak_factor": 3.9682
    }
  ]
}