{
  "timestamp": "2026-04-13T20:05:10.115482+00:00",
  "plate_name": "D",
  "plate_id": "4",
  "n_modes": 8,
  "n_trials": 20,
  "r2_global": 0.6213,
  "r2_mean": 0.5268,
  "r2_std": 0.2562,
  "correlation": 0.8096,
  "rmse_mean": 2.008,
  "r2_sparse": 0.5287,
  "r2_medium": 0.4484,
  "r2_dense": 0.6495,
  "r2_per_mode": [
    0.5895,
    0.3252,
    0.5157,
    0.7091,
    0.8584,
    0.8793,
    0.4902,
    0.56
  ],
  "noise_floor_mean_raw": 12761.65,
  "h_diag_mean_log": 14.6658,
  "h_capture_time_s": 2.7,
  "trial_time_s": 6.5,
  "mode_freqs_hz": [
    49625.0,
    29925.0,
    90275.0,
    78125.0,
    89375.0,
    90025.0,
    45025.0,
    94675.0
  ],
  "verdict": "FAIL",
  "transfer_matrix_log": [
    [
      15.483236412414078,
      9.417837376304655,
      9.528558636676657,
      9.235569315782394,
      9.789443473127958,
      9.594363938601207,
      9.50828402545555,
      9.33514631925002
    ],
    [
      9.568606360948118,
      15.311982854144718,
      9.59876268580568,
      9.574557863343026,
      9.283735893017262,
      9.396589686720251,
      9.198733804666587,
      9.41217629782063
    ],
    [
      9.57549956107547,
      9.503286064477257,
      14.687133441653431,
      9.483464081766257,
      9.569060711560947,
      11.799799764390668,
      10.164746599392412,
      9.57967420313633
    ],
    [
      9.510974984773839,
      9.491923094566715,
      9.236436547023684,
      14.563300607869285,
      9.302883928647384,
      9.600046475171931,
      9.507865774554558,
      9.46140248473195
    ],
    [
      9.473538242810164,
      9.663862161409428,
      9.268805791238176,
      9.292878072618391,
      14.47098825776821,
      9.588522490215807,
      9.453770243576592,
      9.471981694258446
    ],
    [
      9.499587257190164,
      9.660430329544386,
      11.206432985847284,
      9.760956700043257,
      9.444594890121031,
      14.376938424988662,
      9.989120032042823,
      9.442070515496068
    ],
    [
      9.705166108561386,
      9.270069799270104,
      9.544823460188024,
      9.603762820041503,
      9.366196786293102,
      9.595109704774755,
      14.281313040565841,
      9.583067334193625
    ],
    [
      9.237398197163722,
      9.544449010455502,
      9.515428830562023,
      9.295291840774613,
      9.254930236852122,
      9.670773417966222,
      9.599655421762074,
      14.151879066990816
    ]
  ],
  "trial_details": [
    {
      "trial": 0,
      "n_active": 1,
      "r_squared": 0.3599,
      "rmse": 2.8733,
      "correlation": 0.8079,
      "peak_factor": 0.6072
    },
    {
      "trial": 1,
      "n_active": 2,
      "r_squared": 0.6974,
      "rmse": 2.9511,
      "correlation": 0.8685,
      "peak_factor": 1.3489
    },
    {
      "trial": 2,
      "n_active": 3,
      "r_squared": 0.0244,
      "rmse": 4.0784,
      "correlation": 0.5273,
      "peak_factor": 2.0965
    },
    {
      "trial": 3,
      "n_active": 3,
      "r_squared": 0.4807,
      "rmse": 3.6698,
      "correlation": 0.7487,
      "peak_factor": 1.4863
    },
    {
      "trial": 4,
      "n_active": 3,
      "r_squared": -0.2012,
      "rmse": 2.9641,
      "correlation": 0.7847,
      "peak_factor": 2.4233
    },
    {
      "trial": 5,
      "n_active": 3,
      "r_squared": 0.7166,
      "rmse": 2.2487,
      "correlation": 0.894,
      "peak_factor": 1.5063
    },
    {
      "trial": 6,
      "n_active": 4,
      "r_squared": 0.8156,
      "rmse": 1.3775,
      "correlation": 0.9506,
      "peak_factor": 1.7038
    },
    {
      "trial": 7,
      "n_active": 4,
      "r_squared": 0.6071,
      "rmse": 2.7439,
      "correlation": 0.8914,
      "peak_factor": 2.8894
    },
    {
      "trial": 8,
      "n_active": 4,
      "r_squared": 0.6538,
      "rmse": 2.5116,
      "correlation": 0.8675,
      "peak_factor": 1.6661
    },
    {
      "trial": 9,
      "n_active": 4,
      "r_squared": 0.4653,
      "rmse": 2.9403,
      "correlation": 0.7003,
      "peak_factor": 1.8256
    },
    {
      "trial": 10,
      "n_active": 4,
      "r_squared": 0.6428,
      "rmse": 2.5011,
      "correlation": 0.8693,
      "peak_factor": 2.349
    },
    {
      "trial": 11,
      "n_active": 4,
      "r_squared": 0.1333,
      "rmse": 2.7734,
      "correlation": 0.8233,
      "peak_factor": 1.9796
    },
    {
      "trial": 12,
      "n_active": 4,
      "r_squared": 0.5942,
      "rmse": 2.7006,
      "correlation": 0.8147,
      "peak_factor": 2.823
    },
    {
      "trial": 13,
      "n_active": 8,
      "r_squared": 0.508,
      "rmse": 0.4995,
      "correlation": 0.9485,
      "peak_factor": 2.3718
    },
    {
      "trial": 14,
      "n_active": 8,
      "r_squared": 0.7293,
      "rmse": 0.5662,
      "correlation": 0.9752,
      "peak_factor": 2.9671
    },
    {
      "trial": 15,
      "n_active": 8,
      "r_squared": 0.679,
      "rmse": 0.5177,
      "correlation": 0.9786,
      "peak_factor": 4.7865
    },
    {
      "trial": 16,
      "n_active": 8,
      "r_squared": 0.5631,
      "rmse": 0.4994,
      "correlation": 0.9575,
      "peak_factor": 2.7198
    },
    {
      "trial": 17,
      "n_active": 8,
      "r_squared": 0.7106,
      "rmse": 0.6585,
      "correlation": 0.9879,
      "peak_factor": 4.2047
    },
    {
      "trial": 18,
      "n_active": 8,
      "r_squared": 0.6199,
      "rmse": 0.5368,
      "correlation": 0.9675,
      "peak_factor": 2.2503
    },
    {
      "trial": 19,
      "n_active": 8,
      "r_squared": 0.7363,
      "rmse": 0.5474,
      "correlation": 0.9836,
      "peak_factor": 3.9682
    }
  ]
}