{
  "timestamp": "2026-04-13T20:05:19.874697+00:00",
  "plate_name": "E",
  "plate_id": "5",
  "n_modes": 8,
  "n_trials": 20,
  "r2_global": 0.797,
  "r2_mean": 0.7297,
  "r2_std": 0.2396,
  "correlation": 0.923,
  "rmse_mean": 1.9009,
  "r2_sparse": 0.362,
  "r2_medium": 0.7168,
  "r2_dense": 0.8552,
  "r2_per_mode": [
    0.8107,
    0.5444,
    0.8683,
    0.8593,
    0.9208,
    0.8706,
    0.7258,
    0.5892
  ],
  "noise_floor_mean_raw": 13883.76,
  "h_diag_mean_log": 15.1819,
  "h_capture_time_s": 2.6,
  "trial_time_s": 6.4,
  "mode_freqs_hz": [
    49675.0,
    29250.0,
    29975.0,
    28875.0,
    34500.0,
    26200.0,
    89475.0,
    94775.0
  ],
  "verdict": "FAIL",
  "transfer_matrix_log": [
    [
      15.979737233502316,
      9.544392852073068,
      9.325467749152772,
      9.510247790643637,
      9.563893508255923,
      9.361422633211488,
      9.45469673805811,
      9.408757687237749
    ],
    [
      9.606961342903695,
      15.87699920087964,
      9.546782192274593,
      10.546006124437683,
      9.374585565096163,
      9.607316318395881,
      9.393563155464165,
      9.160857245090352
    ],
    [
      9.35813505806141,
      9.60378105103662,
      15.75175543364127,
      9.76961825520005,
      9.444623427476287,
      9.368720102796171,
      9.462810780994898,
      9.389449646080484
    ],
    [
      9.212451624987226,
      11.105744275781746,
      9.2275481718244,
      15.279945352207177,
      9.61624593080636,
      9.261552058568586,
      9.436999936607235,
      9.502485537395996
    ],
    [
      9.444236511852418,
      9.50166515380312,
      9.283626141255805,
      9.272237907621525,
      14.814272433660776,
      9.535997688175923,
      9.354195853001245,
      9.53515795099998
    ],
    [
      9.327877310266809,
      9.544207698451036,
      9.535828238506593,
      9.525553290605645,
      9.044212801937569,
      14.80385743144452,
      9.33971168583901,
      9.286382493409228
    ],
    [
      9.123783431735175,
      9.457859048631105,
      9.590892965590626,
      9.255493676820764,
      9.500936063006272,
      9.134293773269519,
      14.780916986465337,
      9.304377436550128
    ],
    [
      9.49506853180538,
      9.31758229844612,
      9.385603912260482,
      9.324899913226725,
      9.403092854622004,
      9.431108686320393,
      9.14983212553022,
      14.167945493475955
    ]
  ],
  "trial_details": [
    {
      "trial": 0,
      "n_active": 1,
      "r_squared": 0.1553,
      "rmse": 4.6239,
      "correlation": 0.7197,
      "peak_factor": 0.6072
    },
    {
      "trial": 1,
      "n_active": 2,
      "r_squared": 0.5687,
      "rmse": 3.6619,
      "correlation": 0.8695,
      "peak_factor": 1.3469
    },
    {
      "trial": 2,
      "n_active": 3,
      "r_squared": 0.8724,
      "rmse": 2.2209,
      "correlation": 0.9478,
      "peak_factor": 2.0904
    },
    {
      "trial": 3,
      "n_active": 3,
      "r_squared": 0.991,
      "rmse": 0.6128,
      "correlation": 0.9971,
      "peak_factor": 1.4874
    },
    {
      "trial": 4,
      "n_active": 3,
      "r_squared": 0.8784,
      "rmse": 2.09,
      "correlation": 0.9531,
      "peak_factor": 2.4528
    },
    {
      "trial": 5,
      "n_active": 3,
      "r_squared": 0.7262,
      "rmse": 2.8968,
      "correlation": 0.9166,
      "peak_factor": 1.5168
    },
    {
      "trial": 6,
      "n_active": 4,
      "r_squared": 0.9824,
      "rmse": 0.8508,
      "correlation": 0.9934,
      "peak_factor": 1.7492
    },
    {
      "trial": 7,
      "n_active": 4,
      "r_squared": 0.9966,
      "rmse": 0.365,
      "correlation": 0.999,
      "peak_factor": 2.8082
    },
    {
      "trial": 8,
      "n_active": 4,
      "r_squared": 0.2758,
      "rmse": 3.8014,
      "correlation": 0.853,
      "peak_factor": 1.6414
    },
    {
      "trial": 9,
      "n_active": 4,
      "r_squared": 0.3634,
      "rmse": 4.2808,
      "correlation": 0.7376,
      "peak_factor": 1.811
    },
    {
      "trial": 10,
      "n_active": 4,
      "r_squared": 0.7523,
      "rmse": 3.2127,
      "correlation": 0.8814,
      "peak_factor": 2.2922
    },
    {
      "trial": 11,
      "n_active": 4,
      "r_squared": 0.4793,
      "rmse": 3.4149,
      "correlation": 0.8951,
      "peak_factor": 2.0178
    },
    {
      "trial": 12,
      "n_active": 4,
      "r_squared": 0.5666,
      "rmse": 3.1616,
      "correlation": 0.917,
      "peak_factor": 2.8148
    },
    {
      "trial": 13,
      "n_active": 8,
      "r_squared": 0.7868,
      "rmse": 0.3948,
      "correlation": 0.9695,
      "peak_factor": 2.5871
    },
    {
      "trial": 14,
      "n_active": 8,
      "r_squared": 0.862,
      "rmse": 0.4761,
      "correlation": 0.9874,
      "peak_factor": 3.1961
    },
    {
      "trial": 15,
      "n_active": 8,
      "r_squared": 0.8628,
      "rmse": 0.3685,
      "correlation": 0.9883,
      "peak_factor": 5.5264
    },
    {
      "trial": 16,
      "n_active": 8,
      "r_squared": 0.8551,
      "rmse": 0.3894,
      "correlation": 0.9818,
      "peak_factor": 3.1117
    },
    {
      "trial": 17,
      "n_active": 8,
      "r_squared": 0.8845,
      "rmse": 0.4458,
      "correlation": 0.9922,
      "peak_factor": 4.5964
    },
    {
      "trial": 18,
      "n_active": 8,
      "r_squared": 0.8592,
      "rmse": 0.3803,
      "correlation": 0.9777,
      "peak_factor": 2.5691
    },
    {
      "trial": 19,
      "n_active": 8,
      "r_squared": 0.8758,
      "rmse": 0.369,
      "correlation": 0.9807,
      "peak_factor": 4.6271
    }
  ]
}