{
  "timestamp": "2026-04-13T20:14:39.434502+00:00",
  "plate_name": "E",
  "plate_id": "5",
  "n_modes": 8,
  "n_trials": 20,
  "r2_global": 0.7795,
  "r2_mean": 0.7752,
  "r2_std": 0.3062,
  "correlation": 0.8946,
  "rmse_mean": 1.8731,
  "r2_sparse": 0.1362,
  "r2_medium": 0.7593,
  "r2_dense": 0.9827,
  "r2_per_mode": [
    0.8699,
    0.6492,
    0.6116,
    0.8784,
    0.5469,
    0.9382,
    0.7142,
    0.667
  ],
  "noise_floor_mean_raw": 14233.25,
  "h_diag_mean_log": 14.9478,
  "h_capture_time_s": 2.7,
  "trial_time_s": 6.5,
  "mode_freqs_hz": [
    49675.0,
    29250.0,
    29975.0,
    28875.0,
    34500.0,
    26200.0,
    89475.0,
    94775.0
  ],
  "verdict": "FAIL",
  "transfer_matrix_log": [
    [
      15.859500219029284,
      9.272803835318214,
      9.190519468721725,
      9.498052957489895,
      9.534333475390083,
      9.353089171296542,
      9.345530835425947,
      9.275830443378247
    ],
    [
      9.60197937290992,
      15.713085080393737,
      9.90287712250155,
      10.464389311610411,
      9.598981128717861,
      9.503587165987788,
      9.400952970677402,
      10.01823259886351
    ],
    [
      9.588886838354396,
      9.661773452188646,
      15.696755502980563,
      9.632074355890879,
      9.087147716343397,
      9.278522021882544,
      9.319246366144556,
      10.6095942380149
    ],
    [
      9.46869666631929,
      10.960210818416677,
      9.490238714047129,
      15.028351579604363,
      9.352287910217871,
      9.253387162338766,
      9.413042989720077,
      9.534969508694541
    ],
    [
      9.603480304905084,
      9.240142440443739,
      9.675634890253331,
      9.488815130212778,
      14.73986635758047,
      10.103664196631522,
      9.397302295803803,
      9.448665043550928
    ],
    [
      9.515658162979355,
      9.298769355352913,
      9.525788442607789,
      9.491259744438953,
      9.45905541632933,
      14.703408764274599,
      9.421317299676645,
      9.433022255839758
    ],
    [
      9.539186774243985,
      9.411609623293977,
      9.147981785412236,
      9.570772071468395,
      9.431703769498647,
      9.408845519226878,
      14.400279213071009,
      10.156353577234455
    ],
    [
      9.424935407736493,
      9.613747528104359,
      9.499608399439772,
      9.442342958448865,
      9.641804123749024,
      9.310836078546128,
      9.475982860976258,
      13.440976199998333
    ]
  ],
  "trial_details": [
    {
      "trial": 0,
      "n_active": 1,
      "r_squared": -0.1862,
      "rmse": 5.2435,
      "correlation": 0.6987,
      "peak_factor": 0.6072
    },
    {
      "trial": 1,
      "n_active": 2,
      "r_squared": 0.4586,
      "rmse": 4.4066,
      "correlation": 0.7509,
      "peak_factor": 1.3482
    },
    {
      "trial": 2,
      "n_active": 3,
      "r_squared": 0.7453,
      "rmse": 2.9884,
      "correlation": 0.916,
      "peak_factor": 2.1119
    },
    {
      "trial": 3,
      "n_active": 3,
      "r_squared": 0.9894,
      "rmse": 0.6302,
      "correlation": 0.9958,
      "peak_factor": 1.4488
    },
    {
      "trial": 4,
      "n_active": 3,
      "r_squared": 0.6394,
      "rmse": 2.8118,
      "correlation": 0.8787,
      "peak_factor": 2.4412
    },
    {
      "trial": 5,
      "n_active": 3,
      "r_squared": 0.8832,
      "rmse": 2.1974,
      "correlation": 0.9531,
      "peak_factor": 1.5089
    },
    {
      "trial": 6,
      "n_active": 4,
      "r_squared": 0.6374,
      "rmse": 4.0016,
      "correlation": 0.8548,
      "peak_factor": 1.7492
    },
    {
      "trial": 7,
      "n_active": 4,
      "r_squared": 0.836,
      "rmse": 2.2619,
      "correlation": 0.9399,
      "peak_factor": 2.8932
    },
    {
      "trial": 8,
      "n_active": 4,
      "r_squared": 0.9936,
      "rmse": 0.4426,
      "correlation": 0.9969,
      "peak_factor": 1.6926
    },
    {
      "trial": 9,
      "n_active": 4,
      "r_squared": 0.7384,
      "rmse": 3.0682,
      "correlation": 0.8835,
      "peak_factor": 1.811
    },
    {
      "trial": 10,
      "n_active": 4,
      "r_squared": 0.7589,
      "rmse": 3.1117,
      "correlation": 0.8901,
      "peak_factor": 2.2099
    },
    {
      "trial": 11,
      "n_active": 4,
      "r_squared": 0.9592,
      "rmse": 0.9832,
      "correlation": 0.982,
      "peak_factor": 1.9813
    },
    {
      "trial": 12,
      "n_active": 4,
      "r_squared": 0.1712,
      "rmse": 4.3093,
      "correlation": 0.6821,
      "peak_factor": 2.7632
    },
    {
      "trial": 13,
      "n_active": 8,
      "r_squared": 0.9874,
      "rmse": 0.0961,
      "correlation": 0.9994,
      "peak_factor": 2.5871
    },
    {
      "trial": 14,
      "n_active": 8,
      "r_squared": 0.985,
      "rmse": 0.1549,
      "correlation": 0.9986,
      "peak_factor": 3.1961
    },
    {
      "trial": 15,
      "n_active": 8,
      "r_squared": 0.992,
      "rmse": 0.0909,
      "correlation": 0.9994,
      "peak_factor": 5.5264
    },
    {
      "trial": 16,
      "n_active": 8,
      "r_squared": 0.9889,
      "rmse": 0.1091,
      "correlation": 0.9988,
      "peak_factor": 3.1117
    },
    {
      "trial": 17,
      "n_active": 8,
      "r_squared": 0.9494,
      "rmse": 0.3276,
      "correlation": 0.9953,
      "peak_factor": 4.5964
    },
    {
      "trial": 18,
      "n_active": 8,
      "r_squared": 0.9918,
      "rmse": 0.0928,
      "correlation": 0.9995,
      "peak_factor": 2.5691
    },
    {
      "trial": 19,
      "n_active": 8,
      "r_squared": 0.9843,
      "rmse": 0.134,
      "correlation": 0.9979,
      "peak_factor": 4.6271
    }
  ]
}