{
  "timestamp": "2026-04-13T20:00:12.201531+00:00",
  "plate_name": "D",
  "plate_id": "4",
  "n_modes": 8,
  "n_trials": 20,
  "r2_global": -170.7521,
  "r2_mean": -485.7039,
  "r2_std": 822.1363,
  "correlation": 0.4537,
  "rmse_mean": 16.6223,
  "r2_sparse": -4.8426,
  "r2_medium": -47.5012,
  "r2_dense": -1311.6972,
  "r2_per_mode": [
    -91.0448,
    -103.5048,
    -344.7283,
    -168.2604,
    -275.0192,
    -329.6476,
    -202.9944,
    -463.7171
  ],
  "noise_floor_log": 9.4464,
  "h_diag_mean": 14.6673,
  "h_capture_time_s": 2.7,
  "trial_time_s": 6.5,
  "mode_freqs_hz": [
    49625.0,
    29925.0,
    90275.0,
    78125.0,
    89375.0,
    90025.0,
    45025.0,
    94675.0
  ],
  "verdict": "FAIL",
  "transfer_matrix_log": [
    [
      15.484519384087887,
      9.679851311524898,
      9.36775966544837,
      9.489998471513013,
      9.424613778092727,
      9.697496401941576,
      9.434888144042642,
      9.759237405806376
    ],
    [
      9.61180422608825,
      15.31164075964043,
      9.526405478944483,
      9.56033799537611,
      9.554673650921988,
      9.59152475400122,
      9.428179569704401,
      9.490137453526922
    ],
    [
      9.591869337354225,
      9.477568252078317,
      14.69402807602272,
      9.513768294787287,
      9.315047020925805,
      11.842161109972343,
      10.266271114900041,
      9.616597029853562
    ],
    [
      9.58897775923697,
      9.45582977782721,
      9.471156277292138,
      14.573648157863186,
      9.480435330392645,
      9.587140479579817,
      9.686408693107275,
      9.536031222421515
    ],
    [
      9.610661426251347,
      9.721320295314621,
      9.431292650574795,
      9.414287108908919,
      14.466512329697599,
      9.341936880408932,
      9.448270219667291,
      9.539326658609781
    ],
    [
      9.420393340300084,
      9.817632800776314,
      11.297271729320522,
      9.311193633178771,
      9.46177168373692,
      14.38119599291717,
      10.137835009397902,
      9.575331815402059
    ],
    [
      9.578276947879136,
      9.387887146852545,
      9.48924099849131,
      9.25177460569669,
      9.372218279331374,
      9.457496604442522,
      14.276761638924988,
      9.695516738063922
    ],
    [
      9.195774295479909,
      9.69728828677728,
      9.60873798110875,
      9.364244414990157,
      9.416891324507546,
      9.566114328045781,
      9.611829343126683,
      14.149771385673423
    ]
  ],
  "trial_details": [
    {
      "trial": 0,
      "n_active": 1,
      "r_squared": -7.2854,
      "rmse": 4.0263
    },
    {
      "trial": 1,
      "n_active": 2,
      "r_squared": -2.3997,
      "rmse": 3.3064
    },
    {
      "trial": 2,
      "n_active": 3,
      "r_squared": -43.0073,
      "rmse": 10.9519
    },
    {
      "trial": 3,
      "n_active": 3,
      "r_squared": -5.815,
      "rmse": 4.3215
    },
    {
      "trial": 4,
      "n_active": 3,
      "r_squared": -57.6039,
      "rmse": 14.1439
    },
    {
      "trial": 5,
      "n_active": 3,
      "r_squared": -5.8366,
      "rmse": 4.631
    },
    {
      "trial": 6,
      "n_active": 4,
      "r_squared": -21.6795,
      "rmse": 7.6752
    },
    {
      "trial": 7,
      "n_active": 4,
      "r_squared": -133.1555,
      "rmse": 18.9304
    },
    {
      "trial": 8,
      "n_active": 4,
      "r_squared": -15.1734,
      "rmse": 6.3855
    },
    {
      "trial": 9,
      "n_active": 4,
      "r_squared": -24.2516,
      "rmse": 7.4623
    },
    {
      "trial": 10,
      "n_active": 4,
      "r_squared": -78.3088,
      "rmse": 13.6658
    },
    {
      "trial": 11,
      "n_active": 4,
      "r_squared": -28.9724,
      "rmse": 9.6672
    },
    {
      "trial": 12,
      "n_active": 4,
      "r_squared": -108.7087,
      "rmse": 18.8109
    },
    {
      "trial": 13,
      "n_active": 8,
      "r_squared": -626.7595,
      "rmse": 16.7998
    },
    {
      "trial": 14,
      "n_active": 8,
      "r_squared": -548.9819,
      "rmse": 23.7482
    },
    {
      "trial": 15,
      "n_active": 8,
      "r_squared": -3322.071,
      "rmse": 48.8653
    },
    {
      "trial": 16,
      "n_active": 8,
      "r_squared": -1027.2258,
      "rmse": 23.491
    },
    {
      "trial": 17,
      "n_active": 8,
      "r_squared": -1530.7529,
      "rmse": 39.373
    },
    {
      "trial": 18,
      "n_active": 8,
      "r_squared": -428.8779,
      "rmse": 16.9618
    },
    {
      "trial": 19,
      "n_active": 8,
      "r_squared": -1697.2116,
      "rmse": 39.2282
    }
  ]
}