{
  "timestamp": "2026-04-13T20:00:22.057867+00:00",
  "plate_name": "E",
  "plate_id": "5",
  "n_modes": 8,
  "n_trials": 20,
  "r2_global": -110.291,
  "r2_mean": -356.2497,
  "r2_std": 632.9883,
  "correlation": 0.4661,
  "rmse_mean": 16.08,
  "r2_sparse": -3.8305,
  "r2_medium": -28.9495,
  "r2_dense": -971.2699,
  "r2_per_mode": [
    -70.1439,
    -90.7817,
    -86.8708,
    -116.3111,
    -190.6253,
    -141.7581,
    -177.1499,
    -460.4382
  ],
  "noise_floor_log": 9.456,
  "h_diag_mean": 15.1831,
  "h_capture_time_s": 2.6,
  "trial_time_s": 6.5,
  "mode_freqs_hz": [
    49675.0,
    29250.0,
    29975.0,
    28875.0,
    34500.0,
    26200.0,
    89475.0,
    94775.0
  ],
  "verdict": "FAIL",
  "transfer_matrix_log": [
    [
      15.97946584906573,
      9.29448686011871,
      9.377809857343095,
      9.317114966733945,
      9.164467880512174,
      9.359147699552965,
      9.07935020978525,
      9.304228467515015
    ],
    [
      9.541395682002742,
      15.877390855107734,
      9.587425666673353,
      10.599963306535098,
      9.382623560009536,
      9.598055204830148,
      9.456343380784544,
      9.212337121396306
    ],
    [
      9.312009481492957,
      9.465186985007744,
      15.751372038154614,
      9.602299464022973,
      9.452904578869877,
      9.443137008262825,
      9.340926568318148,
      9.4024654396755
    ],
    [
      9.44353743183587,
      11.19068998036481,
      9.375725447345808,
      15.282291673329535,
      9.432409845128756,
      9.353104979899072,
      9.476683278036672,
      9.524436202451659
    ],
    [
      9.365794123089545,
      9.603062946787029,
      9.503982959227923,
      9.517578720744021,
      14.813505137262405,
      9.44036680229758,
      9.172210131236568,
      9.387066027762815
    ],
    [
      9.367911204910618,
      9.364836190397806,
      9.108316589552869,
      9.34637702503395,
      9.50949758379353,
      14.807881490191665,
      9.49353025007824,
      9.245811121951483
    ],
    [
      9.45085537472101,
      9.361166729633005,
      9.265229514188839,
      9.256528392730909,
      9.55083209154213,
      9.23495195488373,
      14.782632812020198,
      9.6049179978329
    ],
    [
      9.342933403477023,
      9.466787630513288,
      9.39537105309165,
      9.331561784958845,
      9.372959743859083,
      9.19306583808249,
      9.231321965333315,
      14.169961869757952
    ]
  ],
  "trial_details": [
    {
      "trial": 0,
      "n_active": 1,
      "r_squared": -6.6079,
      "rmse": 4.1572
    },
    {
      "trial": 1,
      "n_active": 2,
      "r_squared": -1.0531,
      "rmse": 3.0734
    },
    {
      "trial": 2,
      "n_active": 3,
      "r_squared": -27.8346,
      "rmse": 10.3926
    },
    {
      "trial": 3,
      "n_active": 3,
      "r_squared": -2.6776,
      "rmse": 4.1056
    },
    {
      "trial": 4,
      "n_active": 3,
      "r_squared": -46.0217,
      "rmse": 13.9702
    },
    {
      "trial": 5,
      "n_active": 3,
      "r_squared": -3.6865,
      "rmse": 4.4187
    },
    {
      "trial": 6,
      "n_active": 4,
      "r_squared": -10.7918,
      "rmse": 6.9267
    },
    {
      "trial": 7,
      "n_active": 4,
      "r_squared": -77.1015,
      "rmse": 18.3922
    },
    {
      "trial": 8,
      "n_active": 4,
      "r_squared": -8.8382,
      "rmse": 5.964
    },
    {
      "trial": 9,
      "n_active": 4,
      "r_squared": -15.3749,
      "rmse": 7.1843
    },
    {
      "trial": 10,
      "n_active": 4,
      "r_squared": -37.9103,
      "rmse": 13.1903
    },
    {
      "trial": 11,
      "n_active": 4,
      "r_squared": -18.6273,
      "rmse": 9.2662
    },
    {
      "trial": 12,
      "n_active": 4,
      "r_squared": -69.5799,
      "rmse": 18.2709
    },
    {
      "trial": 13,
      "n_active": 8,
      "r_squared": -438.8141,
      "rmse": 16.1362
    },
    {
      "trial": 14,
      "n_active": 8,
      "r_squared": -394.2832,
      "rmse": 22.9873
    },
    {
      "trial": 15,
      "n_active": 8,
      "r_squared": -2520.8406,
      "rmse": 47.8221
    },
    {
      "trial": 16,
      "n_active": 8,
      "r_squared": -568.0667,
      "rmse": 22.564
    },
    {
      "trial": 17,
      "n_active": 8,
      "r_squared": -1145.9313,
      "rmse": 38.4146
    },
    {
      "trial": 18,
      "n_active": 8,
      "r_squared": -274.2115,
      "rmse": 16.1495
    },
    {
      "trial": 19,
      "n_active": 8,
      "r_squared": -1456.7419,
      "rmse": 38.214
    }
  ]
}