{
  "timestamp": "2026-04-13T20:14:29.509515+00:00",
  "plate_name": "D",
  "plate_id": "4",
  "n_modes": 8,
  "n_trials": 20,
  "r2_global": 0.6313,
  "r2_mean": 0.6724,
  "r2_std": 0.307,
  "correlation": 0.8194,
  "rmse_mean": 2.0652,
  "r2_sparse": 0.3342,
  "r2_medium": 0.5478,
  "r2_dense": 0.9648,
  "r2_per_mode": [
    0.6206,
    0.673,
    0.5207,
    0.5937,
    0.5981,
    0.559,
    0.7774,
    0.3545
  ],
  "noise_floor_mean_raw": 12475.04,
  "h_diag_mean_log": 14.3268,
  "h_capture_time_s": 2.7,
  "trial_time_s": 6.6,
  "mode_freqs_hz": [
    49625.0,
    29925.0,
    90275.0,
    78125.0,
    89375.0,
    90025.0,
    45025.0,
    94675.0
  ],
  "verdict": "FAIL",
  "transfer_matrix_log": [
    [
      15.36761125829697,
      9.451163040828709,
      9.721098898158038,
      9.615104921071817,
      9.604500814393017,
      9.43591541363485,
      9.573483746258598,
      9.36270681464889
    ],
    [
      9.601892407191846,
      15.278641218684522,
      9.433005601957577,
      9.484117110820549,
      9.414296511940469,
      9.44542429156465,
      9.496824842896089,
      9.471478908627812
    ],
    [
      9.464537372598903,
      9.442069299538543,
      14.30503134747426,
      9.601543787977503,
      9.63221682533709,
      10.53323012977682,
      10.171367123942872,
      9.470431261328544
    ],
    [
      9.723025459788952,
      9.455142998676694,
      9.704198909403882,
      14.109365346971249,
      9.614179316428025,
      9.534166590796874,
      9.545339209313058,
      9.499476741982456
    ],
    [
      9.406678544403897,
      9.438961321483342,
      9.386120544081388,
      9.55290390288545,
      14.088916766726015,
      9.513948831300558,
      9.484819802037547,
      11.239055245815258
    ],
    [
      9.527833377541482,
      9.987524885703031,
      10.939842596327576,
      9.390466288143164,
      9.598031068261188,
      13.875637574553012,
      10.203921591888296,
      9.327008650975067
    ],
    [
      9.406222786024767,
      9.294568686623924,
      8.983517862850361,
      9.41022795464695,
      9.566312277966103,
      9.682554593386241,
      14.170784262163384,
      9.400951067744458
    ],
    [
      9.434252472704816,
      9.256277311984752,
      9.292643548057974,
      9.638954556226896,
      10.381942923946884,
      9.439484989400132,
      9.457816487257995,
      13.418664428701558
    ]
  ],
  "trial_details": [
    {
      "trial": 0,
      "n_active": 1,
      "r_squared": 0.438,
      "rmse": 3.3646,
      "correlation": 0.7988,
      "peak_factor": 0.6072
    },
    {
      "trial": 1,
      "n_active": 2,
      "r_squared": 0.2303,
      "rmse": 4.4092,
      "correlation": 0.6205,
      "peak_factor": 1.3471
    },
    {
      "trial": 2,
      "n_active": 3,
      "r_squared": 0.6164,
      "rmse": 3.5216,
      "correlation": 0.8695,
      "peak_factor": 2.0929
    },
    {
      "trial": 3,
      "n_active": 3,
      "r_squared": 0.4195,
      "rmse": 3.8822,
      "correlation": 0.843,
      "peak_factor": 1.433
    },
    {
      "trial": 4,
      "n_active": 3,
      "r_squared": 0.9596,
      "rmse": 0.927,
      "correlation": 0.9812,
      "peak_factor": 2.4321
    },
    {
      "trial": 5,
      "n_active": 3,
      "r_squared": 0.1049,
      "rmse": 2.7963,
      "correlation": 0.7705,
      "peak_factor": 1.499
    },
    {
      "trial": 6,
      "n_active": 4,
      "r_squared": 0.3774,
      "rmse": 4.5823,
      "correlation": 0.7847,
      "peak_factor": 1.7038
    },
    {
      "trial": 7,
      "n_active": 4,
      "r_squared": 0.7951,
      "rmse": 2.3998,
      "correlation": 0.9206,
      "peak_factor": 2.8931
    },
    {
      "trial": 8,
      "n_active": 4,
      "r_squared": 0.6762,
      "rmse": 2.4785,
      "correlation": 0.9344,
      "peak_factor": 1.5897
    },
    {
      "trial": 9,
      "n_active": 4,
      "r_squared": 0.0799,
      "rmse": 4.0919,
      "correlation": 0.5291,
      "peak_factor": 1.8256
    },
    {
      "trial": 10,
      "n_active": 4,
      "r_squared": 0.9298,
      "rmse": 0.7467,
      "correlation": 0.9886,
      "peak_factor": 2.3401
    },
    {
      "trial": 11,
      "n_active": 4,
      "r_squared": 0.5821,
      "rmse": 3.0333,
      "correlation": 0.7809,
      "peak_factor": 1.9947
    },
    {
      "trial": 12,
      "n_active": 4,
      "r_squared": 0.4844,
      "rmse": 3.8634,
      "correlation": 0.848,
      "peak_factor": 2.9264
    },
    {
      "trial": 13,
      "n_active": 8,
      "r_squared": 0.9643,
      "rmse": 0.1372,
      "correlation": 0.9995,
      "peak_factor": 2.3718
    },
    {
      "trial": 14,
      "n_active": 8,
      "r_squared": 0.9736,
      "rmse": 0.1724,
      "correlation": 0.9985,
      "peak_factor": 2.9671
    },
    {
      "trial": 15,
      "n_active": 8,
      "r_squared": 0.9782,
      "rmse": 0.1351,
      "correlation": 0.9991,
      "peak_factor": 4.7865
    },
    {
      "trial": 16,
      "n_active": 8,
      "r_squared": 0.9731,
      "rmse": 0.1228,
      "correlation": 0.9993,
      "peak_factor": 2.7198
    },
    {
      "trial": 17,
      "n_active": 8,
      "r_squared": 0.9625,
      "rmse": 0.2198,
      "correlation": 0.9972,
      "peak_factor": 4.2047
    },
    {
      "trial": 18,
      "n_active": 8,
      "r_squared": 0.966,
      "rmse": 0.1581,
      "correlation": 0.9983,
      "peak_factor": 2.2503
    },
    {
      "trial": 19,
      "n_active": 8,
      "r_squared": 0.9359,
      "rmse": 0.261,
      "correlation": 0.9908,
      "peak_factor": 3.9682
    }
  ]
}