{
  "timestamp": "2026-04-17T16:42:48.186186+00:00",
  "experiment": "multitone_parity",
  "mode": "hardware",
  "n_samples": 500,
  "n_carriers": 7,
  "n_modes": 47,
  "tasks": {
    "parity": {
      "One-hot (14-dim)": {
        "sequence_acc": 0.43,
        "mean_position": 0.43000000000000005,
        "per_position": [
          0.43,
          0.43,
          0.43,
          0.43,
          0.43,
          0.43,
          0.43
        ],
        "best_alpha": 0.001
      },
      "Modes only (8-dim)": {
        "sequence_acc": 0.43,
        "mean_position": 0.43000000000000005,
        "per_position": [
          0.43,
          0.43,
          0.43,
          0.43,
          0.43,
          0.43,
          0.43
        ],
        "best_alpha": 100.0
      },
      "Modes exp (44-dim)": {
        "sequence_acc": 0.46,
        "mean_position": 0.46,
        "per_position": [
          0.46,
          0.46,
          0.46,
          0.46,
          0.46,
          0.46,
          0.46
        ],
        "best_alpha": 0.001
      },
      "Wideband (47-dim)": {
        "sequence_acc": 0.55,
        "mean_position": 0.5499999999999999,
        "per_position": [
          0.55,
          0.55,
          0.55,
          0.55,
          0.55,
          0.55,
          0.55
        ],
        "best_alpha": 10.0
      },
      "Wideband exp (1175-dim)": {
        "sequence_acc": 0.59,
        "mean_position": 0.59,
        "per_position": [
          0.59,
          0.59,
          0.59,
          0.59,
          0.59,
          0.59,
          0.59
        ],
        "best_alpha": 0.001
      }
    },
    "reverse": {
      "One-hot (14-dim)": {
        "sequence_acc": 1.0,
        "mean_position": 1.0,
        "per_position": [
          1.0,
          1.0,
          1.0,
          1.0,
          1.0,
          1.0,
          1.0
        ],
        "best_alpha": 0.001
      },
      "Modes only (8-dim)": {
        "sequence_acc": 0.96,
        "mean_position": 0.9942857142857143,
        "per_position": [
          1.0,
          0.96,
          1.0,
          1.0,
          1.0,
          1.0,
          1.0
        ],
        "best_alpha": 0.001
      },
      "Modes exp (44-dim)": {
        "sequence_acc": 0.96,
        "mean_position": 0.9942857142857143,
        "per_position": [
          0.98,
          1.0,
          1.0,
          1.0,
          0.98,
          1.0,
          1.0
        ],
        "best_alpha": 0.001
      },
      "Wideband (47-dim)": {
        "sequence_acc": 0.86,
        "mean_position": 0.972857142857143,
        "per_position": [
          1.0,
          0.9,
          0.98,
          0.95,
          0.99,
          0.99,
          1.0
        ],
        "best_alpha": 10.0
      },
      "Wideband exp (1175-dim)": {
        "sequence_acc": 0.97,
        "mean_position": 0.9957142857142857,
        "per_position": [
          0.98,
          1.0,
          1.0,
          1.0,
          0.99,
          1.0,
          1.0
        ],
        "best_alpha": 0.001
      }
    },
    "identity": {
      "One-hot (14-dim)": {
        "sequence_acc": 1.0,
        "mean_position": 1.0,
        "per_position": [
          1.0,
          1.0,
          1.0,
          1.0,
          1.0,
          1.0,
          1.0
        ],
        "best_alpha": 0.001
      },
      "Modes only (8-dim)": {
        "sequence_acc": 0.95,
        "mean_position": 0.9928571428571429,
        "per_position": [
          1.0,
          1.0,
          1.0,
          1.0,
          1.0,
          0.95,
          1.0
        ],
        "best_alpha": 0.001
      },
      "Modes exp (44-dim)": {
        "sequence_acc": 1.0,
        "mean_position": 1.0,
        "per_position": [
          1.0,
          1.0,
          1.0,
          1.0,
          1.0,
          1.0,
          1.0
        ],
        "best_alpha": 100.0
      },
      "Wideband (47-dim)": {
        "sequence_acc": 0.95,
        "mean_position": 0.99,
        "per_position": [
          0.98,
          1.0,
          0.99,
          0.99,
          1.0,
          0.97,
          1.0
        ],
        "best_alpha": 0.001
      },
      "Wideband exp (1175-dim)": {
        "sequence_acc": 1.0,
        "mean_position": 1.0,
        "per_position": [
          1.0,
          1.0,
          1.0,
          1.0,
          1.0,
          1.0,
          1.0
        ],
        "best_alpha": 10.0
      }
    }
  }
}