{
  "timestamp": "2026-04-17T15:53:02.430096+00:00",
  "experiment": "multitone_parity",
  "mode": "simulation",
  "n_samples": 2000,
  "n_carriers": 7,
  "n_modes": 8,
  "tasks": {
    "parity": {
      "One-hot (70-dim)": {
        "sequence_acc": 0.4825,
        "mean_position": 0.4825,
        "per_position": [
          0.4825,
          0.4825,
          0.4825,
          0.4825,
          0.4825,
          0.4825,
          0.4825
        ],
        "best_alpha": 10.0
      },
      "Seq. linear (56-dim)": {
        "sequence_acc": 0.49,
        "mean_position": 0.4900000000000001,
        "per_position": [
          0.49,
          0.49,
          0.49,
          0.49,
          0.49,
          0.49,
          0.49
        ],
        "best_alpha": 0.001
      },
      "Multi-tone raw (8-dim)": {
        "sequence_acc": 0.4775,
        "mean_position": 0.4775,
        "per_position": [
          0.4775,
          0.4775,
          0.4775,
          0.4775,
          0.4775,
          0.4775,
          0.4775
        ],
        "best_alpha": 1.0
      },
      "Multi-tone exp (44-dim)": {
        "sequence_acc": 0.5225,
        "mean_position": 0.5225,
        "per_position": [
          0.5225,
          0.5225,
          0.5225,
          0.5225,
          0.5225,
          0.5225,
          0.5225
        ],
        "best_alpha": 0.001
      }
    },
    "reverse": {
      "One-hot (70-dim)": {
        "sequence_acc": 1.0,
        "mean_position": 1.0,
        "per_position": [
          1.0,
          1.0,
          1.0,
          1.0,
          1.0,
          1.0,
          1.0
        ],
        "best_alpha": 0.001
      },
      "Seq. linear (56-dim)": {
        "sequence_acc": 0.0,
        "mean_position": 0.2285714285714286,
        "per_position": [
          0.215,
          0.2525,
          0.2425,
          0.245,
          0.2,
          0.24,
          0.205
        ],
        "best_alpha": 0.001
      },
      "Multi-tone raw (8-dim)": {
        "sequence_acc": 0.0,
        "mean_position": 0.22714285714285715,
        "per_position": [
          0.2275,
          0.245,
          0.245,
          0.2375,
          0.2,
          0.24,
          0.195
        ],
        "best_alpha": 0.001
      },
      "Multi-tone exp (44-dim)": {
        "sequence_acc": 0.0025,
        "mean_position": 0.4214285714285714,
        "per_position": [
          0.4325,
          0.4875,
          0.4075,
          0.42,
          0.375,
          0.3975,
          0.43
        ],
        "best_alpha": 0.001
      }
    },
    "identity": {
      "One-hot (70-dim)": {
        "sequence_acc": 1.0,
        "mean_position": 1.0,
        "per_position": [
          1.0,
          1.0,
          1.0,
          1.0,
          1.0,
          1.0,
          1.0
        ],
        "best_alpha": 0.001
      },
      "Seq. linear (56-dim)": {
        "sequence_acc": 0.0,
        "mean_position": 0.2085714285714286,
        "per_position": [
          0.175,
          0.17,
          0.205,
          0.2175,
          0.25,
          0.225,
          0.2175
        ],
        "best_alpha": 0.001
      },
      "Multi-tone raw (8-dim)": {
        "sequence_acc": 0.0,
        "mean_position": 0.2082142857142857,
        "per_position": [
          0.1775,
          0.1725,
          0.2125,
          0.22,
          0.2275,
          0.235,
          0.2125
        ],
        "best_alpha": 0.001
      },
      "Multi-tone exp (44-dim)": {
        "sequence_acc": 0.0025,
        "mean_position": 0.4057142857142857,
        "per_position": [
          0.3925,
          0.365,
          0.41,
          0.4125,
          0.3775,
          0.4875,
          0.395
        ],
        "best_alpha": 0.001
      }
    }
  }
}