{
  "timestamp": "2026-04-17T17:58:12.526629+00:00",
  "experiment": "multitone_parity",
  "mode": "hardware",
  "n_samples": 500,
  "n_carriers": 7,
  "n_modes": 193,
  "tasks": {
    "parity": {
      "One-hot (14-dim)": {
        "sequence_acc": 0.43,
        "mean_position": 0.43000000000000005,
        "per_position": [
          0.43,
          0.43,
          0.43,
          0.43,
          0.43,
          0.43,
          0.43
        ],
        "best_alpha": 0.001
      },
      "Modes only (8-dim)": {
        "sequence_acc": 0.45,
        "mean_position": 0.45000000000000007,
        "per_position": [
          0.45,
          0.45,
          0.45,
          0.45,
          0.45,
          0.45,
          0.45
        ],
        "best_alpha": 10.0
      },
      "Modes exp (44-dim)": {
        "sequence_acc": 0.49,
        "mean_position": 0.4900000000000001,
        "per_position": [
          0.49,
          0.49,
          0.49,
          0.49,
          0.49,
          0.49,
          0.49
        ],
        "best_alpha": 0.1
      },
      "Wideband (193-dim)": {
        "sequence_acc": 0.48,
        "mean_position": 0.48,
        "per_position": [
          0.48,
          0.48,
          0.48,
          0.48,
          0.48,
          0.48,
          0.48
        ],
        "best_alpha": 1.0
      },
      "Wideband exp (18914-dim)": {
        "sequence_acc": 0.47,
        "mean_position": 0.46999999999999986,
        "per_position": [
          0.47,
          0.47,
          0.47,
          0.47,
          0.47,
          0.47,
          0.47
        ],
        "best_alpha": 0.001
      }
    },
    "reverse": {
      "One-hot (14-dim)": {
        "sequence_acc": 1.0,
        "mean_position": 1.0,
        "per_position": [
          1.0,
          1.0,
          1.0,
          1.0,
          1.0,
          1.0,
          1.0
        ],
        "best_alpha": 0.001
      },
      "Modes only (8-dim)": {
        "sequence_acc": 0.96,
        "mean_position": 0.9928571428571429,
        "per_position": [
          1.0,
          0.96,
          1.0,
          1.0,
          1.0,
          1.0,
          0.99
        ],
        "best_alpha": 0.001
      },
      "Modes exp (44-dim)": {
        "sequence_acc": 0.97,
        "mean_position": 0.9957142857142857,
        "per_position": [
          0.98,
          1.0,
          1.0,
          0.99,
          1.0,
          1.0,
          1.0
        ],
        "best_alpha": 0.001
      },
      "Wideband (193-dim)": {
        "sequence_acc": 0.77,
        "mean_position": 0.9557142857142856,
        "per_position": [
          1.0,
          0.88,
          0.97,
          0.95,
          0.92,
          0.99,
          0.98
        ],
        "best_alpha": 100.0
      },
      "Wideband exp (18914-dim)": {
        "sequence_acc": 0.98,
        "mean_position": 0.9971428571428572,
        "per_position": [
          0.99,
          1.0,
          1.0,
          1.0,
          0.99,
          1.0,
          1.0
        ],
        "best_alpha": 0.001
      }
    },
    "identity": {
      "One-hot (14-dim)": {
        "sequence_acc": 1.0,
        "mean_position": 1.0,
        "per_position": [
          1.0,
          1.0,
          1.0,
          1.0,
          1.0,
          1.0,
          1.0
        ],
        "best_alpha": 0.001
      },
      "Modes only (8-dim)": {
        "sequence_acc": 0.93,
        "mean_position": 0.9857142857142857,
        "per_position": [
          0.99,
          1.0,
          0.99,
          0.99,
          1.0,
          0.93,
          1.0
        ],
        "best_alpha": 0.001
      },
      "Modes exp (44-dim)": {
        "sequence_acc": 1.0,
        "mean_position": 1.0,
        "per_position": [
          1.0,
          1.0,
          1.0,
          1.0,
          1.0,
          1.0,
          1.0
        ],
        "best_alpha": 100.0
      },
      "Wideband (193-dim)": {
        "sequence_acc": 0.78,
        "mean_position": 0.9557142857142857,
        "per_position": [
          0.99,
          0.98,
          0.93,
          0.94,
          0.98,
          0.9,
          0.97
        ],
        "best_alpha": 100.0
      },
      "Wideband exp (18914-dim)": {
        "sequence_acc": 1.0,
        "mean_position": 1.0,
        "per_position": [
          1.0,
          1.0,
          1.0,
          1.0,
          1.0,
          1.0,
          1.0
        ],
        "best_alpha": 100.0
      }
    }
  }
}