{
  "timestamp": "2026-04-17T06:03:15.442519+00:00",
  "plates_used": [
    "A",
    "B",
    "G",
    "D",
    "H"
  ],
  "n_plates": 5,
  "ringdown_patterns": 128,
  "burst_ms": 2,
  "n_avg_ringdown": 4,
  "hardware_time_s": 415.87391209602356,
  "results": {
    "Binary+poly (no plate) hold=1d": {
      "total_ret_pct": -78.09950710835848,
      "annual_ret_pct": -41.14297446187894,
      "sharpe": -1.3193853351890088,
      "max_dd_pct": 83.78906586579635,
      "win_rate_pct": 37.119113573407205,
      "profit_factor": 0.7729831232849619,
      "n_trades": 722,
      "n_position_changes": 304,
      "exposure_pct": 83.10249307479224
    },
    "Binary+poly (no plate) hold=3d": {
      "total_ret_pct": -44.25458037341834,
      "annual_ret_pct": -18.450880975402264,
      "sharpe": -0.4011932624150133,
      "max_dd_pct": 49.89180872669464,
      "win_rate_pct": 39.75069252077562,
      "profit_factor": 0.9246453457107595,
      "n_trades": 722,
      "n_position_changes": 99,
      "exposure_pct": 83.10249307479224
    },
    "Binary+poly (no plate) hold=5d": {
      "total_ret_pct": -17.739079140745563,
      "annual_ret_pct": -6.588580727895332,
      "sharpe": -0.01603396429656879,
      "max_dd_pct": 54.20139113853241,
      "win_rate_pct": 41.96675900277008,
      "profit_factor": 0.9968635252150754,
      "n_trades": 722,
      "n_position_changes": 57,
      "exposure_pct": 83.10249307479224
    },
    "Seq plate D (rw+poly) hold=1d": {
      "total_ret_pct": -63.80028627732845,
      "annual_ret_pct": -29.858565146282046,
      "sharpe": -0.8265969847334962,
      "max_dd_pct": 75.01577806040852,
      "win_rate_pct": 39.473684210526315,
      "profit_factor": 0.8502391748443421,
      "n_trades": 722,
      "n_position_changes": 280,
      "exposure_pct": 83.10249307479224
    },
    "Seq plate D (rw+poly) hold=3d": {
      "total_ret_pct": 31.354413686089224,
      "annual_ret_pct": 9.986858841368296,
      "sharpe": 0.4468754959461968,
      "max_dd_pct": 54.40118491285498,
      "win_rate_pct": 42.5207756232687,
      "profit_factor": 1.0914334351606563,
      "n_trades": 722,
      "n_position_changes": 104,
      "exposure_pct": 83.10249307479224
    },
    "Seq plate D (rw+poly) hold=5d": {
      "total_ret_pct": -67.68012222192836,
      "annual_ret_pct": -32.57980849282075,
      "sharpe": -0.941538862212323,
      "max_dd_pct": 74.01106885604418,
      "win_rate_pct": 42.797783933518005,
      "profit_factor": 0.8307603111496247,
      "n_trades": 722,
      "n_position_changes": 58,
      "exposure_pct": 83.10249307479224
    },
    "Ring-down D (rw+poly) hold=1d": {
      "total_ret_pct": -67.93824281172203,
      "annual_ret_pct": -32.768233572176484,
      "sharpe": -0.9435759841679052,
      "max_dd_pct": 72.16639352026449,
      "win_rate_pct": 40.16620498614959,
      "profit_factor": 0.8308598363485841,
      "n_trades": 722,
      "n_position_changes": 301,
      "exposure_pct": 83.10249307479224
    },
    "Ring-down D (rw+poly) hold=3d": {
      "total_ret_pct": -26.5702579898613,
      "annual_ret_pct": -10.2188339018914,
      "sharpe": -0.12977313149817218,
      "max_dd_pct": 50.98491319604971,
      "win_rate_pct": 42.65927977839335,
      "profit_factor": 0.9748589992983019,
      "n_trades": 722,
      "n_position_changes": 96,
      "exposure_pct": 83.10249307479224
    },
    "Ring-down D (rw+poly) hold=5d": {
      "total_ret_pct": -40.63855114825229,
      "annual_ret_pct": -16.64221493145287,
      "sharpe": -0.3395488079600566,
      "max_dd_pct": 50.62238594555688,
      "win_rate_pct": 39.335180055401665,
      "profit_factor": 0.9356180878128606,
      "n_trades": 722,
      "n_position_changes": 67,
      "exposure_pct": 83.10249307479224
    },
    "Ensemble 5P (rw+poly) hold=1d": {
      "total_ret_pct": -80.71740209018043,
      "annual_ret_pct": -43.70095945389861,
      "sharpe": -1.449405932548611,
      "max_dd_pct": 85.13018740257027,
      "win_rate_pct": 36.98060941828255,
      "profit_factor": 0.7535493203706564,
      "n_trades": 722,
      "n_position_changes": 297,
      "exposure_pct": 83.10249307479224
    },
    "Ensemble 5P (rw+poly) hold=3d": {
      "total_ret_pct": -54.76688778023377,
      "annual_ret_pct": -24.186977830491475,
      "sharpe": -0.608960239669185,
      "max_dd_pct": 67.12657812523692,
      "win_rate_pct": 40.02770083102493,
      "profit_factor": 0.8876475180504657,
      "n_trades": 722,
      "n_position_changes": 88,
      "exposure_pct": 83.10249307479224
    },
    "Ensemble 5P (rw+poly) hold=5d": {
      "total_ret_pct": -69.26201575239081,
      "annual_ret_pct": -33.7504247939714,
      "sharpe": -0.989460872160679,
      "max_dd_pct": 77.1333655421176,
      "win_rate_pct": 41.82825484764543,
      "profit_factor": 0.8233796458286852,
      "n_trades": 722,
      "n_position_changes": 66,
      "exposure_pct": 83.10249307479224
    },
    "Ensemble 5P + ringdown hold=1d": {
      "total_ret_pct": -70.15701661168501,
      "annual_ret_pct": -34.43018795977475,
      "sharpe": -1.0129411315759054,
      "max_dd_pct": 73.70063011680791,
      "win_rate_pct": 38.9196675900277,
      "profit_factor": 0.8200392849250742,
      "n_trades": 722,
      "n_position_changes": 280,
      "exposure_pct": 83.10249307479224
    },
    "Ensemble 5P + ringdown hold=3d": {
      "total_ret_pct": 34.80515634128807,
      "annual_ret_pct": 10.986849177791779,
      "sharpe": 0.4727022982100446,
      "max_dd_pct": 38.3811159689648,
      "win_rate_pct": 44.32132963988919,
      "profit_factor": 1.0970653037356235,
      "n_trades": 722,
      "n_position_changes": 96,
      "exposure_pct": 83.10249307479224
    },
    "Ensemble 5P + ringdown hold=5d": {
      "total_ret_pct": -53.63307062693694,
      "annual_ret_pct": -23.52904069849834,
      "sharpe": -0.58545151118432,
      "max_dd_pct": 65.83538152205574,
      "win_rate_pct": 40.16620498614959,
      "profit_factor": 0.8913854056562276,
      "n_trades": 722,
      "n_position_changes": 72,
      "exposure_pct": 83.10249307479224
    }
  },
  "best": "Ensemble 5P + ringdown hold=3d",
  "best_sharpe": 0.4727022982100446,
  "carrier_caches": {
    "A": {
      "mode_freqs_hz": [
        18775.0,
        29700.0,
        89425.0
      ],
      "n_modes": 3,
      "responses": {
        "0": [
          1736844.6498921122,
          9612.042302863209,
          9640.118705773899
        ],
        "1": [
          7466.581889604608,
          8810773.654846082,
          6507.919082217914
        ],
        "2": [
          8408.907277565173,
          6638.1616520718135,
          4480645.321519148
        ]
      }
    },
    "B": {
      "mode_freqs_hz": [
        15125.0,
        18950.0,
        28825.0,
        29200.0,
        49650.0,
        89350.0
      ],
      "n_modes": 6,
      "responses": {
        "0": [
          1821912.4683224338,
          9884.315889207404,
          7392.970996674649,
          8988.28391646388,
          8164.887963508903,
          7333.308632463067
        ],
        "1": [
          7897.089103746964,
          1980859.138972587,
          7790.043697615033,
          8318.481361855123,
          6949.599799811559,
          6721.3538661166795
        ],
        "2": [
          6010.52631836952,
          8594.854029536189,
          3935993.495648,
          33875.60203669163,
          10579.436514589046,
          9369.690401742315
        ],
        "3": [
          9428.758553266181,
          9916.163356892575,
          57047.131805823046,
          6674833.014658328,
          10250.7083032288,
          13346.680494609987
        ],
        "4": [
          7725.153479319993,
          9859.361902178049,
          9134.235458803201,
          11405.165502624111,
          5412300.42163882,
          11734.340177421616
        ],