{
  "timestamp": "2026-04-17T14:51:52.154752+00:00",
  "plate": "4",
  "plate_name": "D",
  "n_modes": 8,
  "n_carriers": 7,
  "strategy": "variance_risk_premium_classifier",
  "vol_lookback_short": 5,
  "vol_lookback_long": 20,
  "vol_forward": 5,
  "vrp_markup": 1.15,
  "friction_bps": 30,
  "train_window": 120,
  "test_window": 20,
  "symbols": {
    "BTC-USD": {
      "always_sell_1d": {
        "total_ret_pct": 10.587580800209185,
        "annual_ret_pct": 3.887288030493674,
        "sharpe": 1.510321838108643,
        "max_dd_pct": 4.1011201228231124,
        "win_rate_pct": 75.33834586466165,
        "profit_factor": 1.4543932296809101,
        "n_days": 665,
        "exposure_pct": 100.0,
        "hold_days": 1
      },
      "always_sell_3d": {
        "total_ret_pct": 10.587580800209185,
        "annual_ret_pct": 3.887288030493674,
        "sharpe": 1.510321838108643,
        "max_dd_pct": 4.1011201228231124,
        "win_rate_pct": 75.33834586466165,
        "profit_factor": 1.4543932296809101,
        "n_days": 665,
        "exposure_pct": 100.0,
        "hold_days": 3
      },
      "always_sell_5d": {
        "total_ret_pct": 10.587580800209185,
        "annual_ret_pct": 3.887288030493674,
        "sharpe": 1.510321838108643,
        "max_dd_pct": 4.1011201228231124,
        "win_rate_pct": 75.33834586466165,
        "profit_factor": 1.4543932296809101,
        "n_days": 665,
        "exposure_pct": 100.0,
        "hold_days": 5
      },
      "binary_1d": {
        "total_ret_pct": -25.025278362951276,
        "annual_ret_pct": -10.33987992908848,
        "sharpe": -4.651121328762498,
        "max_dd_pct": 25.864529197103902,
        "win_rate_pct": 24.81203007518797,
        "profit_factor": 0.3508762046687446,
        "n_days": 665,
        "exposure_pct": 50.67669172932331,
        "hold_days": 1
      },
      "binary_3d": {
        "total_ret_pct": -9.679335043641323,
        "annual_ret_pct": -3.78436557351588,
        "sharpe": -1.5217008695320704,
        "max_dd_pct": 12.33938337106496,
        "win_rate_pct": 30.075187969924812,
        "profit_factor": 0.6262375161303071,
        "n_days": 665,
        "exposure_pct": 45.26315789473684,
        "hold_days": 3
      },
      "binary_5d": {
        "total_ret_pct": -5.102268618814676,
        "annual_ret_pct": -1.9649991906809827,
        "sharpe": -0.7909762809649621,
        "max_dd_pct": 9.044533336804694,
        "win_rate_pct": 29.172932330827066,
        "profit_factor": 0.7743396507314878,
        "n_days": 665,
        "exposure_pct": 43.007518796992485,
        "hold_days": 5
      },
      "binary_sizing_1d": {
        "total_ret_pct": -11.818242788928146,
        "annual_ret_pct": -4.654232150424232,
        "sharpe": -2.9616064189912437,
        "max_dd_pct": 14.655612067168763,
        "win_rate_pct": 51.42857142857142,
        "profit_factor": 0.5525702079766434,
        "n_days": 665,
        "exposure_pct": 100.0,
        "hold_days": 1
      },
      "binary_sizing_3d": {
        "total_ret_pct": -2.3111362152097192,
        "annual_ret_pct": -0.8821640230169403,
        "sharpe": -0.44091492308715075,
        "max_dd_pct": 6.3618750599275184,
        "win_rate_pct": 65.41353383458647,
        "profit_factor": 0.8907491508380185,
        "n_days": 665,
        "exposure_pct": 100.0,
        "hold_days": 3
      },
      "binary_sizing_5d": {
        "total_ret_pct": 0.8695277628816278,
        "annual_ret_pct": 0.3286197128329338,
        "sharpe": 0.2003065232587442,
        "max_dd_pct": 3.9381743186425187,
        "win_rate_pct": 68.1203007518797,
        "profit_factor": 1.049852128212459,
        "n_days": 665,
        "exposure_pct": 100.0,
        "hold_days": 5
      },
      "plate_binary_1d": {
        "total_ret_pct": -25.320604559281712,
        "annual_ret_pct": -10.473877628933836,
        "sharpe": -4.677236486751984,
        "max_dd_pct": 26.785095269296267,
        "win_rate_pct": 25.71428571428571,
        "profit_factor": 0.35313361059541887,
        "n_days": 665,
        "exposure_pct": 52.03007518796993,
        "hold_days": 1
      },
      "plate_binary_3d": {
        "total_ret_pct": -9.679335043641323,
        "annual_ret_pct": -3.78436557351588,
        "sharpe": -1.5217008695320704,
        "max_dd_pct": 12.33938337106496,
        "win_rate_pct": 30.075187969924812,
        "profit_factor": 0.6262375161303071,
        "n_days": 665,
        "exposure_pct": 45.26315789473684,
        "hold_days": 3
      },
      "plate_binary_5d": {
        "total_ret_pct": -5.5243702686559315,
        "annual_ret_pct": -2.130470290459485,
        "sharpe": -0.8525806554027313,
        "max_dd_pct": 9.616707619648935,
        "win_rate_pct": 30.526315789473685,
        "profit_factor": 0.7645817836440347,
        "n_days": 665,
        "exposure_pct": 45.41353383458647,
        "hold_days": 5
      },
      "plate_vw_1d": {
        "total_ret_pct": -26.089159964213295,
        "annual_ret_pct": -10.824142422358529,
        "sharpe": -5.373689053400349,
        "max_dd_pct": 26.089159964213295,
        "win_rate_pct": 22.406015037593985,
        "profit_factor": 0.2758562709555191,
        "n_days": 665,
        "exposure_pct": 47.81954887218045,
        "hold_days": 1
      },
      "plate_vw_3d": {
        "total_ret_pct": -13.419220252654885,
        "annual_ret_pct": -5.313941320405469,
        "sharpe": -2.317582799048049,
        "max_dd_pct": 13.419220252654885,
        "win_rate_pct": 27.06766917293233,
        "profit_factor": 0.4652466506033166,
        "n_days": 665,
        "exposure_pct": 42.70676691729323,
        "hold_days": 3
      },
      "plate_vw_5d": {
        "total_ret_pct": -7.715033891865319,
        "annual_ret_pct": -2.996709167381606,
        "sharpe": -1.3309042751095181,
        "max_dd_pct": 8.448062716580003,
        "win_rate_pct": 25.112781954887218,
        "profit_factor": 0.6205842033015234,
        "n_days": 665,
        "exposure_pct": 38.64661654135338,
        "hold_days": 5
      },
      "plate_sizing_1d": {
        "total_ret_pct": -11.624674093073006,
        "annual_ret_pct": -4.574974551951727,
        "sharpe": -2.938662391508357,
        "max_dd_pct": 14.519367424690591,
        "win_rate_pct": 51.2781954887218,
        "profit_factor": 0.557367877405684,
        "n_days": 665,
        "exposure_pct": 100.0,
        "hold_days": 1
      },
      "plate_sizing_3d": {
        "total_ret_pct": -2.06169605129084,
        "annual_ret_pct": -0.7863325823908363,
        "sharpe": -0.3947909452280649,
        "max_dd_pct": 6.239179025971181,
        "win_rate_pct": 65.11278195488723,
        "profit_factor": 0.9011362338602448,
        "n_days": 665,
        "exposure_pct": 100.0,
        "hold_days": 3
      },
      "plate_sizing_5d": {
        "total_ret_pct": 0.8931278779398477,
        "annual_ret_pct": 0.33751431065258686,
        "sharpe": 0.20564544093527973,
        "max_dd_pct": 3.964988572381601,
        "win_rate_pct": 67.96992481203009,
        "profit_factor": 1.0510433558067784,
        "n_days": 665,
        "exposure_pct": 100.0,
        "hold_days": 5
      },
      "plate_ls_vol_1d": {
        "total_ret_pct": -48.48550401411013,
        "annual_ret_pct": -22.225643748820513,
        "sharpe": -5.68332187605188,
        "max_dd_pct": 49.01901753629677,
        "win_rate_pct": 34.73684210526316,
        "profit_factor": 0.26682057721286717,
        "n_days": 665,
        "exposure_pct": 81.35338345864662,
        "hold_days": 1
      },
      "plate_ls_vol_3d": {
        "total_ret_pct": -24.999729906727218,
        "annual_ret_pct": -10.32830330147564,
        "sharpe": -3.097918398489203,
        "max_dd_pct": 24.999729906727218,
        "win_rate_pct": 39.849624060150376,
        "profit_factor": 0.4424500976611104,
        "n_days": 665,
        "exposure_pct": 81.35338345864662,
        "hold_days": 3
      },
      "plate_ls_vol_5d": {
        "total_ret_pct": -17.432566995549216,