{
  "timestamp": "2026-04-17T14:47:28.495880+00:00",
  "plate": "4",
  "plate_name": "D",
  "n_modes": 8,
  "n_carriers": 7,
  "strategy": "variance_risk_premium_classifier",
  "vol_lookback_short": 5,
  "vol_lookback_long": 20,
  "vol_forward": 5,
  "vrp_markup": 1.15,
  "friction_bps": 30,
  "train_window": 120,
  "test_window": 20,
  "symbols": {
    "BTC-USD": {
      "always_sell_1d": {
        "total_ret_pct": 253.44654429705048,
        "annual_ret_pct": 7.938378633140641,
        "sharpe": 1.0540699844931731,
        "max_dd_pct": 21.85825423189893,
        "win_rate_pct": 77.47899159663866,
        "profit_factor": 1.4561541335618005,
        "n_days": 4165,
        "exposure_pct": 100.0,
        "hold_days": 1
      },
      "always_sell_3d": {
        "total_ret_pct": 253.44654429705048,
        "annual_ret_pct": 7.938378633140641,
        "sharpe": 1.0540699844931731,
        "max_dd_pct": 21.85825423189893,
        "win_rate_pct": 77.47899159663866,
        "profit_factor": 1.4561541335618005,
        "n_days": 4165,
        "exposure_pct": 100.0,
        "hold_days": 3
      },
      "always_sell_5d": {
        "total_ret_pct": 253.44654429705048,
        "annual_ret_pct": 7.938378633140641,
        "sharpe": 1.0540699844931731,
        "max_dd_pct": 21.85825423189893,
        "win_rate_pct": 77.47899159663866,
        "profit_factor": 1.4561541335618005,
        "n_days": 4165,
        "exposure_pct": 100.0,
        "hold_days": 5
      },
      "binary_1d": {
        "total_ret_pct": -62.44664260385646,
        "annual_ret_pct": -5.753666557442971,
        "sharpe": -1.4948123692471575,
        "max_dd_pct": 62.44664260385646,
        "win_rate_pct": 37.142857142857146,
        "profit_factor": 0.702070207302583,
        "n_days": 4165,
        "exposure_pct": 65.85834333733493,
        "hold_days": 1
      },
      "binary_3d": {
        "total_ret_pct": -9.99376684152451,
        "annual_ret_pct": -0.6350314656271783,
        "sharpe": -0.1353151260991648,
        "max_dd_pct": 26.030504141628878,
        "win_rate_pct": 39.42376950780312,
        "profit_factor": 0.9629833302371582,
        "n_days": 4165,
        "exposure_pct": 60.60024009603842,
        "hold_days": 3
      },
      "binary_5d": {
        "total_ret_pct": 48.571944805002396,
        "annual_ret_pct": 2.42427518865731,
        "sharpe": 0.648415239338688,
        "max_dd_pct": 15.98155322642278,
        "win_rate_pct": 41.82472989195678,
        "profit_factor": 1.2001836967568786,
        "n_days": 4165,
        "exposure_pct": 59.903961584633855,
        "hold_days": 5
      },
      "plate_binary_1d": {
        "total_ret_pct": -54.999078215553155,
        "annual_ret_pct": -4.716338356700089,
        "sharpe": -1.1789002947025071,
        "max_dd_pct": 58.56137866240545,
        "win_rate_pct": 38.391356542617046,
        "profit_factor": 0.7606895059544966,
        "n_days": 4165,
        "exposure_pct": 67.29891956782713,
        "hold_days": 1
      },
      "plate_binary_3d": {
        "total_ret_pct": -0.6083785305270317,
        "annual_ret_pct": -0.03691506865644012,
        "sharpe": 0.012620167603226677,
        "max_dd_pct": 26.145785573664824,
        "win_rate_pct": 40.57623049219688,
        "profit_factor": 1.0034706659293833,
        "n_days": 4165,
        "exposure_pct": 61.84873949579832,
        "hold_days": 3
      },
      "plate_binary_5d": {
        "total_ret_pct": 65.3348000168433,
        "annual_ret_pct": 3.088911998220456,
        "sharpe": 0.8041954309746964,
        "max_dd_pct": 15.005393843929252,
        "win_rate_pct": 43.16926770708283,
        "profit_factor": 1.248780527462982,
        "n_days": 4165,
        "exposure_pct": 61.224489795918366,
        "hold_days": 5
      },
      "plate_vw_1d": {
        "total_ret_pct": -72.32292871777277,
        "annual_ret_pct": -7.477805739234588,
        "sharpe": -2.1123479691731495,
        "max_dd_pct": 72.32292871777277,
        "win_rate_pct": 30.252100840336134,
        "profit_factor": 0.6058632055726918,
        "n_days": 4165,
        "exposure_pct": 58.72749099639856,
        "hold_days": 1
      },
      "plate_vw_3d": {
        "total_ret_pct": -19.38106748532189,
        "annual_ret_pct": -1.295023829402786,
        "sharpe": -0.34404463836697285,
        "max_dd_pct": 26.796311557772828,
        "win_rate_pct": 32.436974789915965,
        "profit_factor": 0.9113675169103826,
        "n_days": 4165,
        "exposure_pct": 52.48499399759904,
        "hold_days": 3
      },
      "plate_vw_5d": {
        "total_ret_pct": 5.745120195683384,
        "annual_ret_pct": 0.3385572773314749,
        "sharpe": 0.11343830459815438,
        "max_dd_pct": 17.244165606705067,
        "win_rate_pct": 34.98199279711885,
        "profit_factor": 1.0323969923196323,
        "n_days": 4165,
        "exposure_pct": 52.38895558223289,
        "hold_days": 5
      },
      "plate_sizing_1d": {
        "total_ret_pct": -17.541253462750404,
        "annual_ret_pct": -1.1601744652889878,
        "sharpe": -0.2950417733437931,
        "max_dd_pct": 31.93174521543663,
        "win_rate_pct": 56.326530612244895,
        "profit_factor": 0.9203069335479065,
        "n_days": 4165,
        "exposure_pct": 100.0,
        "hold_days": 1
      },
      "plate_sizing_3d": {
        "total_ret_pct": 41.05946265940234,
        "annual_ret_pct": 2.103225604388226,
        "sharpe": 0.5527169706322365,
        "max_dd_pct": 11.171573781886895,
        "win_rate_pct": 65.93037214885953,
        "profit_factor": 1.1777666501971211,
        "n_days": 4165,
        "exposure_pct": 100.0,
        "hold_days": 3
      },
      "plate_sizing_5d": {
        "total_ret_pct": 86.50642998375311,
        "annual_ret_pct": 3.8432119728422753,
        "sharpe": 1.0238278199741029,
        "max_dd_pct": 6.139603486445941,
        "win_rate_pct": 69.91596638655462,
        "profit_factor": 1.3494420247088807,
        "n_days": 4165,
        "exposure_pct": 100.0,
        "hold_days": 5
      },
      "plate_ls_vol_1d": {
        "total_ret_pct": -94.16655524228796,
        "annual_ret_pct": -15.795891394434614,
        "sharpe": -2.0577411044836875,
        "max_dd_pct": 94.20743602822664,
        "win_rate_pct": 46.626650660264104,
        "profit_factor": 0.5741173516966873,
        "n_days": 4165,
        "exposure_pct": 97.02280912364945,
        "hold_days": 1
      },
      "plate_ls_vol_3d": {
        "total_ret_pct": -71.50971166300452,
        "annual_ret_pct": -7.315551967577205,
        "sharpe": -0.9275498961012942,
        "max_dd_pct": 71.95012156565208,
        "win_rate_pct": 49.675870348139256,
        "profit_factor": 0.7581655739080992,
        "n_days": 4165,
        "exposure_pct": 97.04681872749099,
        "hold_days": 3
      },
      "plate_ls_vol_5d": {
        "total_ret_pct": -21.24901046273019,
        "annual_ret_pct": -1.4349257770271406,
        "sharpe": -0.15294938943723627,
        "max_dd_pct": 42.02010774112007,
        "win_rate_pct": 52.364945978391354,
        "profit_factor": 0.9526515879483223,
        "n_days": 4165,
        "exposure_pct": 97.02280912364945,
        "hold_days": 5
      },
      "plate_vw_ls_vol_1d": {
        "total_ret_pct": -97.80875778855713,
        "annual_ret_pct": -20.639426712078734,
        "sharpe": -2.739067208168189,
        "max_dd_pct": 97.82411401588188,
        "win_rate_pct": 39.759903961584634,
        "profit_factor": 0.47624214910559254,
        "n_days": 4165,
        "exposure_pct": 97.02280912364945,
        "hold_days": 1
      },
      "plate_vw_ls_vol_3d": {
        "total_ret_pct": -81.42373239194832,
        "annual_ret_pct": -9.68312234992702,
        "sharpe": -1.24671818920137,
        "max_dd_pct": 81.5539148915118,
        "win_rate_pct": 43.12124849939976,
        "profit_factor": 0.6866631177777701,
        "n_days": 4165,
        "exposure_pct": 97.04681872749099,
        "hold_days": 3
      },