{
  "experiment": "plate_attention_head",
  "timestamp": "2026-05-08T19:30:12.750851+00:00",
  "mode": "simulate",
  "config": {
    "seq_len": 8,
    "d_model": 16,
    "vocab_size": 10,
    "causal": true,
    "seed": 42,
    "identity_check": false
  },
  "problem": {
    "input_seq": [
      0,
      7,
      6,
      4,
      4,
      8,
      0,
      6
    ],
    "target_seq": [
      6,
      0,
      8,
      4,
      4,
      6,
      7,
      0
    ]
  },
  "timing": {
    "software_ms": 0.12,
    "plate_ms": 0.18
  },
  "metrics": {
    "scores": {
      "r_squared": 1.0,
      "correlation": 1.0,
      "rmse": 0.063468,
      "max_error": 0.260989
    },
    "attn_weights": {
      "r_squared": 0.995229,
      "correlation": 0.997622,
      "rmse": 0.011317,
      "max_error": 0.042515
    },
    "context": {
      "r_squared": -1186.38512,
      "correlation": 0.220338,
      "rmse": 0.895153,
      "max_error": 2.297959
    },
    "output": {
      "r_squared": -1622.297333,
      "correlation": 0.118653,
      "rmse": 0.405866,
      "max_error": 1.079232
    }
  },
  "verdict": {
    "attn_weights_r2": 0.995229,
    "output_r2": -1622.297333,
    "attn_pass": true,
    "output_pass": false
  },
  "sw_attn_matrix": [
    [
      1.0,
      0.0,
      0.0,
      0.0,
      0.0,
      0.0,
      0.0,
      0.0
    ],
    [
      0.500105537235581,
      0.49989446276441885,
      0.0,
      0.0,
      0.0,
      0.0,
      0.0,
      0.0
    ],
    [
      0.33217960829814214,
      0.3333102548922649,
      0.3345101368095929,
      0.0,
      0.0,
      0.0,
      0.0,
      0.0
    ],
    [
      0.2486862410264993,
      0.2506812986834783,
      0.2505451753589029,
      0.2500872849311194,
      0.0,
      0.0,
      0.0,
      0.0
    ],
    [
      0.19966727341204557,
      0.20053711727731344,
      0.2004222335061491,
      0.19966948774303284,
      0.1997038880614591,
      0.0,
      0.0,
      0.0
    ],
    [
      0.16732025496528483,
      0.16763108865758283,
      0.16697662187625523,
      0.16700344023476998,
      0.166916265684074,
      0.16415232858203305,
      0.0,
      0.0
    ],
    [
      0.14270946794083184,
      0.14329651182300732,
      0.14289382920675028,
      0.14303380613480562,
      0.14314512222187342,
      0.14219577014966414,
      0.14272549252306735,
      0.0
    ],
    [
      0.12507683389224497,
      0.12470355772313958,
      0.12507360261208683,
      0.12498529946341533,
      0.12462688338082778,
      0.12525704528055942,
      0.12502267836753417,
      0.1252540992801919
    ]
  ],
  "plate_attn_matrix": [
    [
      1.0,
      0.0,
      0.0,
      0.0,
      0.0,
      0.0,
      0.0,
      0.0
    ],
    [
      0.5006307190800786,
      0.49936928091992133,
      0.0,
      0.0,
      0.0,
      0.0,
      0.0,
      0.0
    ],
    [
      0.31711600628513686,
      0.3203462493495887,
      0.3625377443652744,
      0.0,
      0.0,
      0.0,
      0.0,
      0.0
    ],
    [
      0.2748447860175877,
      0.2402847404521674,
      0.2263632346111814,
      0.25850723891906346,
      0.0,
      0.0,
      0.0,
      0.0
    ],
    [
      0.20793980939547102,
      0.18769353944708742,
      0.1923918894207983,
      0.2103627126734047,
      0.2016120490632386,
      0.0,
      0.0,
      0.0
    ],
    [
      0.19186600212843674,
      0.150246741059483,
      0.13828370415497815,
      0.17665602186935694,
      0.13627988496369012,
      0.206667645824055,
      0.0,
      0.0
    ],
    [
      0.14108228297539133,
      0.14686162626819224,
      0.14556269939150338,
      0.1424377420439486,
      0.14263979507905972,
      0.13953580618969114,
      0.14188004805221371,
      0.0
    ],
    [
      0.1156765427143137,
      0.12950118752161463,
      0.13508193967372,
      0.12100700095066798,
      0.1389022072885565,
      0.11523086626746737,
      0.12053475693509151,
      0.12406549864856833
    ]
  ]
}