{
  "experiment": "plate_attention_head",
  "timestamp": "2026-05-08T19:30:57.355811+00:00",
  "mode": "simulate",
  "config": {
    "seq_len": 4,
    "d_model": 8,
    "vocab_size": 10,
    "causal": false,
    "seed": 42,
    "identity_check": false
  },
  "problem": {
    "input_seq": [
      0,
      7,
      6,
      4
    ],
    "target_seq": [
      4,
      6,
      7,
      0
    ]
  },
  "timing": {
    "software_ms": 0.07,
    "plate_ms": 0.07
  },
  "metrics": {
    "scores": {
      "r_squared": -288232.517418,
      "correlation": -0.023387,
      "rmse": 0.446828,
      "max_error": 1.006621
    },
    "attn_weights": {
      "r_squared": -431366.580168,
      "correlation": -0.130076,
      "rmse": 0.122408,
      "max_error": 0.282179
    },
    "context": {
      "r_squared": -358558.778071,
      "correlation": 0.814502,
      "rmse": 8.196756,
      "max_error": 16.829543
    },
    "output": {
      "r_squared": -669477.580456,
      "correlation": 0.820968,
      "rmse": 2.561423,
      "max_error": 5.515733
    }
  },
  "verdict": {
    "attn_weights_r2": -431366.580168,
    "output_r2": -669477.580456,
    "attn_pass": false,
    "output_pass": false
  },
  "sw_attn_matrix": [
    [
      0.25005609534670065,
      0.2501908287198311,
      0.24979718126486505,
      0.24995589466860316
    ],
    [
      0.2500651461415624,
      0.2501066392111877,
      0.24987154707612058,
      0.2499566675711294
    ],
    [
      0.2501902149688201,
      0.2500712184917674,
      0.2501028569636769,
      0.2496357095757356
    ],
    [
      0.24964436274134105,
      0.2500586977078245,
      0.24994774606580858,
      0.2503491934850258
    ]
  ],
  "plate_attn_matrix": [
    [
      0.2002637969566863,
      0.16732565657620233,
      0.10027562879279905,
      0.5321349176743123
    ],
    [
      0.20054662610139953,
      0.16889788166362102,
      0.10202086685094269,
      0.5285346253840366
    ],
    [
      0.23763848250919817,
      0.221744440555252,
      0.17870421473753176,
      0.36191286219801805
    ],
    [
      0.24963246185310156,
      0.24288862842568526,
      0.22946186429172827,
      0.27801704542948485
    ]
  ]
}