{
  "experiment": "plate_attention_head",
  "timestamp": "2026-05-08T19:32:32.612340+00:00",
  "mode": "simulate",
  "config": {
    "seq_len": 4,
    "d_model": 8,
    "vocab_size": 10,
    "causal": false,
    "seed": 42,
    "identity_check": false
  },
  "problem": {
    "input_seq": [
      0,
      7,
      6,
      4
    ],
    "target_seq": [
      4,
      6,
      7,
      0
    ]
  },
  "timing": {
    "software_ms": 0.19,
    "plate_ms": 0.08
  },
  "metrics": {
    "scores": {
      "r_squared": 0.984519,
      "correlation": 0.992642,
      "rmse": 0.000104,
      "max_error": 0.000229
    },
    "attn_weights": {
      "r_squared": 0.981838,
      "correlation": 0.991017,
      "rmse": 2.5e-05,
      "max_error": 5.2e-05
    },
    "context": {
      "r_squared": 0.991321,
      "correlation": 0.999975,
      "rmse": 0.001275,
      "max_error": 0.001933
    },
    "output": {
      "r_squared": 0.990708,
      "correlation": 0.999984,
      "rmse": 0.000302,
      "max_error": 0.000606
    }
  },
  "verdict": {
    "attn_weights_r2": 0.981838,
    "output_r2": 0.990708,
    "attn_pass": true,
    "output_pass": true
  },
  "sw_attn_matrix": [
    [
      0.25005609534670065,
      0.2501908287198311,
      0.24979718126486505,
      0.24995589466860316
    ],
    [
      0.2500651461415624,
      0.2501066392111877,
      0.24987154707612058,
      0.2499566675711294
    ],
    [
      0.2501902149688201,
      0.2500712184917674,
      0.2501028569636769,
      0.2496357095757356
    ],
    [
      0.24964436274134105,
      0.2500586977078245,
      0.24994774606580858,
      0.2503491934850258
    ]
  ],
  "plate_attn_matrix": [
    [
      0.25008038692928,
      0.2501717303296048,
      0.24974475871391727,
      0.2500031240271978
    ],
    [
      0.25008568900029443,
      0.25009272772444147,
      0.2498297264980279,
      0.24999185677723612
    ],
    [
      0.2501923275835656,
      0.2500650739538868,
      0.25009152521179145,
      0.2496510732507562
    ],
    [
      0.24965299162162846,
      0.2500500594413608,
      0.24994867237619875,
      0.25034827656081204
    ]
  ]
}