{
  "experiment": "plate_attention_head",
  "timestamp": "2026-05-08T19:32:18.950915+00:00",
  "mode": "simulate",
  "config": {
    "seq_len": 8,
    "d_model": 16,
    "vocab_size": 10,
    "causal": true,
    "seed": 42,
    "identity_check": false
  },
  "problem": {
    "input_seq": [
      0,
      7,
      6,
      4,
      4,
      8,
      0,
      6
    ],
    "target_seq": [
      6,
      0,
      8,
      4,
      4,
      6,
      7,
      0
    ]
  },
  "timing": {
    "software_ms": 0.48,
    "plate_ms": 0.18
  },
  "metrics": {
    "scores": {
      "r_squared": 1.0,
      "correlation": 1.0,
      "rmse": 0.000214,
      "max_error": 0.001167
    },
    "attn_weights": {
      "r_squared": 1.0,
      "correlation": 1.0,
      "rmse": 4.4e-05,
      "max_error": 0.000238
    },
    "context": {
      "r_squared": 0.980848,
      "correlation": 0.993144,
      "rmse": 0.003595,
      "max_error": 0.008447
    },
    "output": {
      "r_squared": 0.978205,
      "correlation": 0.992865,
      "rmse": 0.001487,
      "max_error": 0.003521
    }
  },
  "verdict": {
    "attn_weights_r2": 1.0,
    "output_r2": 0.978205,
    "attn_pass": true,
    "output_pass": true
  },
  "sw_attn_matrix": [
    [
      1.0,
      0.0,
      0.0,
      0.0,
      0.0,
      0.0,
      0.0,
      0.0
    ],
    [
      0.500105537235581,
      0.49989446276441885,
      0.0,
      0.0,
      0.0,
      0.0,
      0.0,
      0.0
    ],
    [
      0.33217960829814214,
      0.3333102548922649,
      0.3345101368095929,
      0.0,
      0.0,
      0.0,
      0.0,
      0.0
    ],
    [
      0.2486862410264993,
      0.2506812986834783,
      0.2505451753589029,
      0.2500872849311194,
      0.0,
      0.0,
      0.0,
      0.0
    ],
    [
      0.19966727341204557,
      0.20053711727731344,
      0.2004222335061491,
      0.19966948774303284,
      0.1997038880614591,
      0.0,
      0.0,
      0.0
    ],
    [
      0.16732025496528483,
      0.16763108865758283,
      0.16697662187625523,
      0.16700344023476998,
      0.166916265684074,
      0.16415232858203305,
      0.0,
      0.0
    ],
    [
      0.14270946794083184,
      0.14329651182300732,
      0.14289382920675028,
      0.14303380613480562,
      0.14314512222187342,
      0.14219577014966414,
      0.14272549252306735,
      0.0
    ],
    [
      0.12507683389224497,
      0.12470355772313958,
      0.12507360261208683,
      0.12498529946341533,
      0.12462688338082778,
      0.12525704528055942,
      0.12502267836753417,
      0.1252540992801919
    ]
  ],
  "plate_attn_matrix": [
    [
      1.0,
      0.0,
      0.0,
      0.0,
      0.0,
      0.0,
      0.0,
      0.0
    ],
    [
      0.5001384271252087,
      0.49986157287479116,
      0.0,
      0.0,
      0.0,
      0.0,
      0.0,
      0.0
    ],
    [
      0.3323159590162708,
      0.33307239758357704,
      0.33461164340015215,
      0.0,
      0.0,
      0.0,
      0.0,
      0.0
    ],
    [
      0.24869711325853547,
      0.2507081473626747,
      0.2504990313733628,
      0.25009570800542696,
      0.0,
      0.0,
      0.0,
      0.0
    ],
    [
      0.19970717716515263,
      0.2004495215074785,
      0.2003975961763111,
      0.19971423006773914,
      0.19973147508331865,
      0.0,
      0.0,
      0.0
    ],
    [
      0.16735983386823167,
      0.16763282648766514,
      0.16691551358719636,
      0.16699988307943694,
      0.1668972592362555,
      0.16419468374121443,
      0.0,
      0.0
    ],
    [
      0.14267822741250233,
      0.14336445663186398,
      0.14291746070858993,
      0.14303842981345413,
      0.14315922574225085,
      0.14214511263863575,
      0.14269708705270306,
      0.0
    ],
    [
      0.1250716868206538,
      0.1246536007666251,
      0.12507719364588987,
      0.12498463026173831,
      0.12464598589243572,
      0.12530149471381175,
      0.1250321082081893,
      0.1252332996906562
    ]
  ]
}