{
  "timestamp": "2026-04-13T22:56:36.006804+00:00",
  "esn_params": {
    "hidden": 200,
    "spectral_radius": 0.9,
    "input_scale": 0.1,
    "leak": 0.9
  },
  "ridge_alpha": 10.0,
  "n_sequences": 300,
  "seq_length": 4,
  "results": {
    "A_raw": {
      "mean": 0.48333333333333334,
      "pos_test": [
        0.4666666666666667,
        0.5066666666666667,
        0.5066666666666667,
        0.4533333333333333
      ],
      "dim": 3
    },
    "A_poly": {
      "mean": 0.6,
      "pos_test": [
        0.6133333333333333,
        0.6133333333333333,
        0.6666666666666666,
        0.5066666666666667
      ],
      "dim": 7
    },
    "B_raw": {
      "mean": 0.8066666666666666,
      "pos_test": [
        0.8266666666666667,
        0.88,
        0.76,
        0.76
      ],
      "dim": 6
    },
    "B_poly": {
      "mean": 0.93,
      "pos_test": [
        1.0,
        1.0,
        0.9866666666666667,
        0.7333333333333333
      ],
      "dim": 41
    },
    "C_raw": {
      "mean": 0.8433333333333333,
      "pos_test": [
        0.88,
        0.9066666666666666,
        0.7866666666666666,
        0.8
      ],
      "dim": 6
    },
    "C_poly": {
      "mean": 0.9433333333333334,
      "pos_test": [
        1.0,
        1.0,
        1.0,
        0.7733333333333333
      ],
      "dim": 41
    },
    "D_raw": {
      "mean": 0.84,
      "pos_test": [
        0.88,
        0.9466666666666667,
        0.8266666666666667,
        0.7066666666666667
      ],
      "dim": 8
    },
    "D_poly": {
      "mean": 0.9066666666666667,
      "pos_test": [
        0.9866666666666667,
        0.96,
        0.92,
        0.76
      ],
      "dim": 36
    },
    "E_raw": {
      "mean": 0.8400000000000001,
      "pos_test": [
        0.9333333333333333,
        0.8666666666666667,
        0.8266666666666667,
        0.7333333333333333
      ],
      "dim": 8
    },
    "E_poly": {
      "mean": 0.9633333333333334,
      "pos_test": [
        1.0,
        1.0,
        0.9866666666666667,
        0.8666666666666667
      ],
      "dim": 36
    },
    "sw_poly": {
      "mean": 1.0,
      "pos_test": [
        1.0,
        1.0,
        1.0,
        1.0
      ],
      "dim": 15
    },
    "raw_bits": {
      "mean": 0.69,
      "pos_test": [
        0.76,
        0.72,
        0.6666666666666666,
        0.6133333333333333
      ],
      "dim": 4
    },
    "concat_raw": {
      "mean": 0.9833333333333334,
      "pos_test": [
        1.0,
        1.0,
        0.9866666666666667,
        0.9466666666666667
      ],
      "dim": 31
    },
    "concat_poly": {
      "mean": 0.8066666666666666,
      "pos_test": [
        1.0,
        1.0,
        0.8666666666666667,
        0.36
      ],
      "dim": 161
    },
    "plates_raw+sw": {
      "mean": 0.9666666666666667,
      "pos_test": [
        1.0,
        1.0,
        1.0,
        0.8666666666666667
      ],
      "dim": 46
    },
    "ens_all_poly": {
      "mean": 0.98,
      "pos_test": [
        1.0,
        1.0,
        1.0,
        0.92
      ],
      "dim": 0
    },
    "ens_all_raw": {
      "mean": 0.9366666666666668,
      "pos_test": [
        1.0,
        0.9866666666666667,
        0.8533333333333334,
        0.9066666666666666
      ],
      "dim": 0
    },
    "ens_poly+sw": {
      "mean": 0.99,
      "pos_test": [
        1.0,
        1.0,
        1.0,
        0.96
      ],
      "dim": 0
    },
    "ens_top2_poly": {
      "mean": 0.9733333333333334,
      "pos_test": [
        1.0,
        1.0,
        1.0,
        0.8933333333333333
      ],
      "dim": 0
    },
    "ens_top2+sw": {
      "mean": 0.9933333333333334,
      "pos_test": [
        1.0,
        1.0,
        1.0,
        0.9733333333333334
      ],
      "dim": 0
    },
    "ens_top3_poly": {
      "mean": 0.9733333333333334,
      "pos_test": [
        1.0,
        1.0,
        1.0,
        0.8933333333333333
      ],
      "dim": 0
    },
    "ens_top3+sw": {
      "mean": 0.9866666666666667,
      "pos_test": [
        1.0,
        1.0,
        1.0,
        0.9466666666666667
      ],
      "dim": 0
    },
    "ml_sw_poly": {
      "mean": 0.32333333333333336,
      "pos_test": [
        1.0,
        0.12,
        0.10666666666666667,
        0.06666666666666667
      ],
      "dim": 0
    },
    "ml_concat_raw": {
      "mean": 0.31666666666666665,
      "pos_test": [
        1.0,
        0.10666666666666667,
        0.10666666666666667,
        0.05333333333333334
      ],
      "dim": 0
    }
  }
}