{
  "timestamp": "2026-04-13T23:49:30.179867+00:00",
  "n_bits": 8,
  "n_tokens": 256,
  "n_sequences": 2000,
  "seq_length": 4,
  "esn_params": {
    "hidden": 200,
    "spectral_radius": 0.9,
    "input_scale": 0.1,
    "leak": 0.9
  },
  "results": {
    "sw_raw_bits": {
      "label": "sw_raw_bits",
      "dim": 8,
      "mean_bit_acc": 1.0,
      "mean_token_acc": 1.0,
      "bit_accs": [
        [
          1.0,
          1.0,
          1.0,
          1.0,
          1.0,
          1.0,
          1.0,
          1.0
        ],
        [
          1.0,
          1.0,
          1.0,
          1.0,
          1.0,
          1.0,
          1.0,
          1.0
        ],
        [
          1.0,
          1.0,
          1.0,
          1.0,
          1.0,
          1.0,
          1.0,
          1.0
        ],
        [
          1.0,
          1.0,
          1.0,
          1.0,
          1.0,
          1.0,
          1.0,
          1.0
        ]
      ],
      "token_accs": [
        1.0,
        1.0,
        1.0,
        1.0
      ],
      "pos_mean_bit": [
        1.0,
        1.0,
        1.0,
        1.0
      ]
    },
    "sw_poly4": {
      "label": "sw_poly4",
      "dim": 162,
      "mean_bit_acc": 0.6511875,
      "mean_token_acc": 0.14850000000000002,
      "bit_accs": [
        [
          0.946,
          0.94,
          0.892,
          0.93,
          0.954,
          0.896,
          0.92,
          0.922
        ],
        [
          0.62,
          0.646,
          0.636,
          0.636,
          0.636,
          0.64,
          0.696,
          0.646
        ],
        [
          0.566,
          0.53,
          0.544,
          0.512,
          0.55,
          0.508,
          0.528,
          0.554
        ],
        [
          0.472,
          0.522,
          0.458,
          0.5,
          0.52,
          0.5,
          0.476,
          0.542
        ]
      ],
      "token_accs": [
        0.554,
        0.028,
        0.006,
        0.006
      ],
      "pos_mean_bit": [
        0.925,
        0.6445000000000001,
        0.5365,
        0.49875
      ]
    },
    "sw_poly6": {
      "label": "sw_poly6",
      "dim": 246,
      "mean_bit_acc": 0.61825,
      "mean_token_acc": 0.094,
      "bit_accs": [
        [
          0.834,
          0.882,
          0.858,
          0.864,
          0.902,
          0.87,
          0.856,
          0.864
        ],
        [
          0.586,
          0.646,
          0.586,
          0.624,
          0.65,
          0.604,
          0.586,
          0.596
        ],
        [
          0.526,
          0.514,
          0.506,
          0.502,
          0.518,
          0.484,
          0.502,
          0.482
        ],
        [
          0.45,
          0.514,
          0.496,
          0.484,
          0.494,
          0.52,
          0.498,
          0.486
        ]
      ],
      "token_accs": [
        0.34,
        0.03,
        0.002,
        0.004
      ],
      "pos_mean_bit": [
        0.86625,
        0.60975,
        0.50425,
        0.49275
      ]
    },
    "sw_poly8": {
      "label": "sw_poly8",
      "dim": 255,
      "mean_bit_acc": 0.6079375,
      "mean_token_acc": 0.095,
      "bit_accs": [
        [
          0.832,
          0.838,
          0.842,
          0.858,
          0.862,
          0.852,
          0.866,
          0.812
        ],
        [
          0.576,
          0.544,
          0.534,
          0.588,
          0.64,
          0.578,
          0.592,
          0.55
        ],
        [
          0.512,
          0.472,
          0.508,
          0.494,
          0.498,
          0.474,
          0.52,
          0.5
        ],
        [
          0.486,
          0.546,
          0.508,
          0.524,
          0.496,
          0.538,
          0.504,
          0.51
        ]
      ],
      "token_accs": [
        0.35,
        0.018,
        0.004,
        0.008
      ],
      "pos_mean_bit": [
        0.8452500000000001,
        0.57525,
        0.49724999999999997,
        0.514
      ]
    },
    "D_raw": {
      "label": "D_raw",
      "dim": 8,
      "mean_bit_acc": 0.9795,
      "mean_token_acc": 0.855,
      "bit_accs": [
        [
          0.976,
          1.0,
          0.97,
          0.988,
          0.992,
          0.994,
          0.994,
          0.95
        ],
        [
          0.964,
          1.0,
          0.974,
          0.984,
          0.992,
          0.986,
          0.982,
          0.952
        ],
        [
          0.968,
          0.998,
          0.98,
          0.978,
          0.986,
          0.984,
          0.978,
          0.962
        ],
        [
          0.968,
          0.994,
          0.976,
          0.978,
          0.992,
          0.978,
          0.984,
          0.942
        ]
      ],
      "token_accs": [
        0.882,
        0.86,
        0.852,
        0.826
      ],
      "pos_mean_bit": [
        0.983,
        0.97925,
        0.97925,
        0.9764999999999999
      ]
    },
    "D_poly": {
      "label": "D_poly",
      "dim": 36,
      "mean_bit_acc": 0.8686875,
      "mean_token_acc": 0.4415,
      "bit_accs": [
        [
          0.992,
          0.994,
          0.984,
          0.996,
          0.984,
          0.99,
          0.984,
          0.974
        ],
        [
          0.946,
          0.962,
          0.932,
          0.948,
          0.904,
          0.92,
          0.918,
          0.936
        ],
        [
          0.852,
          0.854,
          0.854,
          0.86,
          0.76,
          0.786,
          0.762,
          0.834
        ],
        [
          0.772,
          0.77,
          0.732,
          0.772,
          0.662,
          0.706,
          0.686,
          0.772
        ]
      ],
      "token_accs": [
        0.904,
        0.576,
        0.202,
        0.084
      ],
      "pos_mean_bit": [
        0.98725,
        0.9332499999999999,
        0.82025,
        0.734
      ]
    },
    "E_raw": {
      "label": "E_raw",
      "dim": 8,
      "mean_bit_acc": 0.9918750000000001,
      "mean_token_acc": 0.9359999999999999,
      "bit_accs": [
        [
          1.0,
          1.0,
          1.0,
          1.0,
          1.0,
          1.0,
          0.984,
          0.962
        ],
        [
          1.0,
          1.0,
          1.0,
          0.988,
          0.996,
          1.0,
          0.978,
          0.964
        ],
        [
          1.0,
          1.0,
          1.0,
          0.992,
          0.99,
          1.0,
          0.974,
          0.976
        ],
        [
          1.0,
          1.0,
          1.0,
          0.982,
          0.998,
          1.0,
          0.98,
          0.976
        ]
      ],
      "token_accs": [
        0.946,
        0.926,
        0.936,
        0.936
      ],
      "pos_mean_bit": [
        0.99325,
        0.99075,
        0.9915,
        0.992
      ]
    },
    "E_poly": {
      "label": "E_poly",
      "dim": 36,
      "mean_bit_acc": 0.889375,
      "mean_token_acc": 0.5299999999999999,
      "bit_accs": [
        [
          0.998,
          0.998,
          1.0,
          0.996,
          1.0,
          1.0,
          0.984,
          0.978
        ],
        [
          0.962,
          0.984,
          0.956,
          0.938,
          0.95,
          0.996,
          0.942,
          0.972
        ],
        [
          0.874,
          0.892,
          0.834,
          0.812,
          0.786,
          0.914,
          0.784,
          0.882
        ],
        [
          0.736,
          0.772,
          0.758,
          0.714,
          0.684,
          0.838,
          0.7,
          0.826
        ]
      ],
      "token_accs": [
        0.956,
        0.748,
        0.306,
        0.11
      ],
      "pos_mean_bit": [
        0.99425,
        0.9624999999999999,
        0.8472500000000001,
        0.7535000000000001
      ]
    },