{
  "timestamp": "2026-04-17T05:40:18.194974+00:00",
  "plate": "D",
  "n_modes": 8,
  "iterations": {
    "V1 Baseline (daily rw+poly)": {
      "total_ret_pct": -63.80028627732845,
      "annual_ret_pct": -29.858565146282046,
      "sharpe": -0.8265969847334962,
      "max_dd_pct": 75.01577806040852,
      "win_rate_pct": 39.473684210526315,
      "profit_factor": 0.8502391748443421,
      "n_trades": 722,
      "n_active_days": 600,
      "n_flat_days": 122,
      "n_position_changes": 280,
      "exposure_pct": 83.10249307479224
    },
    "Iter 1 (conf=0.0 hold=3d)": {
      "total_ret_pct": 31.354413686089224,
      "annual_ret_pct": 9.986858841368296,
      "sharpe": 0.4468754959461968,
      "max_dd_pct": 54.40118491285498,
      "win_rate_pct": 42.5207756232687,
      "profit_factor": 1.0914334351606563,
      "n_trades": 722,
      "n_active_days": 600,
      "n_flat_days": 122,
      "n_position_changes": 104,
      "exposure_pct": 83.10249307479224
    },
    "Iter 2 (tech indicators)": {
      "total_ret_pct": -86.31903209342045,
      "annual_ret_pct": -52.20487920181833,
      "sharpe": -1.959890063640841,
      "max_dd_pct": 87.64434582997468,
      "win_rate_pct": 31.66421207658321,
      "profit_factor": 0.6738271262590116,
      "n_trades": 679,
      "n_active_days": 540,
      "n_flat_days": 139,
      "n_position_changes": 195,
      "exposure_pct": 79.52871870397644
    },
    "Iter 2 + gating": {
      "total_ret_pct": -60.31210604424733,
      "annual_ret_pct": -29.034323068860125,
      "sharpe": -0.8746667112459774,
      "max_dd_pct": 67.65405649852705,
      "win_rate_pct": 31.36966126656848,
      "profit_factor": 0.8285370897134257,
      "n_trades": 679,
      "n_active_days": 471,
      "n_flat_days": 208,
      "n_position_changes": 119,
      "exposure_pct": 69.36671575846833
    },
    "Iter 3 (multi-asset)": {
      "total_ret_pct": -71.7206697594313,
      "annual_ret_pct": -35.416150714575664,
      "sharpe": -1.0692540194617528,
      "max_dd_pct": 78.37290697655405,
      "win_rate_pct": 38.5989010989011,
      "profit_factor": 0.8103627176357271,
      "n_trades": 728,
      "n_active_days": 600,
      "n_flat_days": 128,
      "n_position_changes": 260,
      "exposure_pct": 82.41758241758241
    },
    "Iter 3 + gating": {
      "total_ret_pct": 5.869871591057452,
      "annual_ret_pct": 1.9941015794567196,
      "sharpe": 0.22533170360190127,
      "max_dd_pct": 43.22392254822492,
      "win_rate_pct": 39.010989010989015,
      "profit_factor": 1.0469487705912544,
      "n_trades": 728,
      "n_active_days": 558,
      "n_flat_days": 170,
      "n_position_changes": 141,
      "exposure_pct": 76.64835164835165
    },
    "Iter 4 (weekly target)": {
      "total_ret_pct": -86.52286521124975,
      "annual_ret_pct": -50.510784619353124,
      "sharpe": -0.6094919818599086,
      "max_dd_pct": 97.35397355571848,
      "win_rate_pct": 39.27576601671309,
      "profit_factor": 0.8922532063624258,
      "n_trades": 718,
      "n_active_days": 580,
      "n_flat_days": 138,
      "n_position_changes": 58,
      "exposure_pct": 80.77994428969359
    },
    "Iter 5 (regime-gated)": {
      "total_ret_pct": -51.514513571304064,
      "annual_ret_pct": -22.327206737124992,
      "sharpe": -0.6849302917879415,
      "max_dd_pct": 61.17171983471028,
      "win_rate_pct": 35.3185595567867,
      "profit_factor": 0.8710962523440812,
      "n_trades": 722,
      "n_active_days": 537,
      "n_flat_days": 185,
      "n_position_changes": 267,
      "exposure_pct": 74.37673130193906
    },
    "Iter 5 + conf+hold": {
      "total_ret_pct": -51.323343820022636,
      "annual_ret_pct": -22.220452974305903,
      "sharpe": -0.6701823094515914,
      "max_dd_pct": 57.96208255066777,
      "win_rate_pct": 37.119113573407205,
      "profit_factor": 0.8730057381882257,
      "n_trades": 722,
      "n_active_days": 531,
      "n_flat_days": 191,
      "n_position_changes": 113,
      "exposure_pct": 73.54570637119113
    },
    "Iter 6 (ensemble \u22654/5)": {
      "total_ret_pct": -42.21921299240312,
      "annual_ret_pct": -17.42374813170906,
      "sharpe": -0.9634508622402412,
      "max_dd_pct": 42.26009983041432,
      "win_rate_pct": 7.617728531855955,
      "profit_factor": 0.6705414365752087,
      "n_trades": 722,
      "n_active_days": 122,
      "n_flat_days": 600,
      "n_position_changes": 179,
      "exposure_pct": 16.897506925207757
    },
    "Iter 6 (ensemble \u22653/5)": {
      "total_ret_pct": -60.20989295256369,
      "annual_ret_pct": -27.50478915296981,
      "sharpe": -1.1768070620477762,
      "max_dd_pct": 63.13489442332333,
      "win_rate_pct": 20.3601108033241,
      "profit_factor": 0.7390862416822859,
      "n_trades": 722,
      "n_active_days": 317,
      "exposure_pct": 43.905817174515235
    }
  },
  "best": "Iter 1 (conf=0.0 hold=3d)",
  "best_sharpe": 0.4468754959461968
}